series,label_ru,label_en,date,value,source
memorial:now,"Политзаключённые в России, по данным Мемориала","Political prisoners in Russia, according to Memorial",2022-10-26,505,https://web.archive.org/web/20221026072820/https://www.memopzk.org/
memorial:now,"Политзаключённые в России, по данным Мемориала","Political prisoners in Russia, according to Memorial",2022-11-01,502,https://web.archive.org/web/20221101001800/https://memopzk.org/
memorial:now,"Политзаключённые в России, по данным Мемориала","Political prisoners in Russia, according to Memorial",2022-12-01,502,https://web.archive.org/web/20221201072851/https://memopzk.org/
memorial:now,"Политзаключённые в России, по данным Мемориала","Political prisoners in Russia, according to Memorial",2023-01-02,513,https://web.archive.org/web/20230102222754/https://memopzk.org/
memorial:now,"Политзаключённые в России, по данным Мемориала","Political prisoners in Russia, according to Memorial",2023-02-01,524,https://web.archive.org/web/20230201081557/https://memopzk.org/
memorial:now,"Политзаключённые в России, по данным Мемориала","Political prisoners in Russia, according to Memorial",2023-03-01,534,https://web.archive.org/web/20230301000306/https://memopzk.org/
memorial:now,"Политзаключённые в России, по данным Мемориала","Political prisoners in Russia, according to Memorial",2023-04-02,550,https://web.archive.org/web/20230402050059/https://memopzk.org/
memorial:now,"Политзаключённые в России, по данным Мемориала","Political prisoners in Russia, according to Memorial",2023-05-01,552,https://web.archive.org/web/20230501102630/https://memopzk.org/
memorial:now,"Политзаключённые в России, по данным Мемориала","Political prisoners in Russia, according to Memorial",2023-06-01,556,https://web.archive.org/web/20230601005330/https://memopzk.org/
memorial:now,"Политзаключённые в России, по данным Мемориала","Political prisoners in Russia, according to Memorial",2023-07-02,565,https://web.archive.org/web/20230702042051/https://memopzk.org/
memorial:now,"Политзаключённые в России, по данным Мемориала","Political prisoners in Russia, according to Memorial",2023-08-03,563,https://web.archive.org/web/20230803214607/https://memopzk.org/
memorial:now,"Политзаключённые в России, по данным Мемориала","Political prisoners in Russia, according to Memorial",2023-09-13,592,https://web.archive.org/web/20230913010304/https://memopzk.org/
memorial:now,"Политзаключённые в России, по данным Мемориала","Political prisoners in Russia, according to Memorial",2023-10-02,601,https://web.archive.org/web/20231002121851/https://memopzk.org/
memorial:now,"Политзаключённые в России, по данным Мемориала","Political prisoners in Russia, according to Memorial",2023-11-17,611,https://web.archive.org/web/20231117065916/https://memopzk.org/
memorial:now,"Политзаключённые в России, по данным Мемориала","Political prisoners in Russia, according to Memorial",2023-12-01,623,https://web.archive.org/web/20231201031741/https://memopzk.org/
memorial:now,"Политзаключённые в России, по данным Мемориала","Political prisoners in Russia, according to Memorial",2024-01-04,633,https://web.archive.org/web/20240104163250/https://memopzk.org/
memorial:now,"Политзаключённые в России, по данным Мемориала","Political prisoners in Russia, according to Memorial",2024-02-01,667,https://web.archive.org/web/20240201003900/https://memopzk.org/
memorial:now,"Политзаключённые в России, по данным Мемориала","Political prisoners in Russia, according to Memorial",2024-03-01,679,https://web.archive.org/web/20240301002948/https://memopzk.org/
memorial:now,"Политзаключённые в России, по данным Мемориала","Political prisoners in Russia, according to Memorial",2024-04-01,692,https://web.archive.org/web/20240401161957/https://memopzk.org/
memorial:now,"Политзаключённые в России, по данным Мемориала","Political prisoners in Russia, according to Memorial",2024-05-01,716,https://web.archive.org/web/20240501030933/https://memopzk.org/
memorial:now,"Политзаключённые в России, по данным Мемориала","Political prisoners in Russia, according to Memorial",2024-06-01,731,https://web.archive.org/web/20240601013846/https://memopzk.org/
memorial:now,"Политзаключённые в России, по данным Мемориала","Political prisoners in Russia, according to Memorial",2024-07-01,762,https://web.archive.org/web/20240701182310/https://memopzk.org/
memorial:now,"Политзаключённые в России, по данным Мемориала","Political prisoners in Russia, according to Memorial",2024-08-02,764,https://web.archive.org/web/20240802033844/https://memopzk.org/
memorial:now,"Политзаключённые в России, по данным Мемориала","Political prisoners in Russia, according to Memorial",2024-09-01,773,https://web.archive.org/web/20240901085542/https://memopzk.org/
memorial:now,"Политзаключённые в России, по данным Мемориала","Political prisoners in Russia, according to Memorial",2024-10-02,769,https://web.archive.org/web/20241002232357/https://memopzk.org/
memorial:now,"Политзаключённые в России, по данным Мемориала","Political prisoners in Russia, according to Memorial",2024-11-01,778,https://web.archive.org/web/20241101081206/https://memopzk.org/
memorial:now,"Политзаключённые в России, по данным Мемориала","Political prisoners in Russia, according to Memorial",2024-12-01,783,https://web.archive.org/web/20241201011618/https://memopzk.org/
memorial:now,"Политзаключённые в России, по данным Мемориала","Political prisoners in Russia, according to Memorial",2025-01-01,805,https://web.archive.org/web/20250101215328/https://memopzk.org/
memorial:now,"Политзаключённые в России, по данным Мемориала","Political prisoners in Russia, according to Memorial",2025-02-03,830,https://web.archive.org/web/20250203092024/https://memopzk.org/
memorial:now,"Политзаключённые в России, по данным Мемориала","Political prisoners in Russia, according to Memorial",2025-03-01,868,https://web.archive.org/web/20250301021611/https://memopzk.org/
memorial:now,"Политзаключённые в России, по данным Мемориала","Political prisoners in Russia, according to Memorial",2025-04-01,905,https://web.archive.org/web/20250401072632/https://memopzk.org/
memorial:now,"Политзаключённые в России, по данным Мемориала","Political prisoners in Russia, according to Memorial",2025-05-01,937,https://web.archive.org/web/20250501002909/https://memopzk.org/
memorial:now,"Политзаключённые в России, по данным Мемориала","Political prisoners in Russia, according to Memorial",2025-06-01,956,https://web.archive.org/web/20250601030055/https://memopzk.org/
memorial:now,"Политзаключённые в России, по данным Мемориала","Political prisoners in Russia, according to Memorial",2025-07-01,997,https://web.archive.org/web/20250701013411/https://memopzk.org/
memorial:now,"Политзаключённые в России, по данным Мемориала","Political prisoners in Russia, according to Memorial",2025-08-01,1032,https://web.archive.org/web/20250801032206/https://memopzk.org/
memorial:now,"Политзаключённые в России, по данным Мемориала","Political prisoners in Russia, according to Memorial",2025-09-02,1097,https://web.archive.org/web/20250902030006/https://memopzk.org/
memorial:now,"Политзаключённые в России, по данным Мемориала","Political prisoners in Russia, according to Memorial",2025-10-01,1118,https://web.archive.org/web/20251001024236/https://memopzk.org/
memorial:now,"Политзаключённые в России, по данным Мемориала","Political prisoners in Russia, according to Memorial",2025-11-01,1151,https://web.archive.org/web/20251101140106/https://memopzk.org/
memorial:now,"Политзаключённые в России, по данным Мемориала","Political prisoners in Russia, according to Memorial",2025-12-01,1221,https://web.archive.org/web/20251201095749/https://memopzk.org/
memorial:now,"Политзаключённые в России, по данным Мемориала","Political prisoners in Russia, according to Memorial",2026-01-01,1276,https://web.archive.org/web/20260101082929/https://memopzk.org/
memorial:now,"Политзаключённые в России, по данным Мемориала","Political prisoners in Russia, according to Memorial",2026-02-01,1410,https://web.archive.org/web/20260201090353/https://memopzk.org/
memorial:now,"Политзаключённые в России, по данным Мемориала","Political prisoners in Russia, according to Memorial",2026-03-01,1397,https://web.archive.org/web/20260301035436/https://memopzk.org/
memorial:now,"Политзаключённые в России, по данным Мемориала","Political prisoners in Russia, according to Memorial",2026-04-01,1476,https://web.archive.org/web/20260401045420/https://memopzk.org/
memorial:now,"Политзаключённые в России, по данным Мемориала","Political prisoners in Russia, according to Memorial",2026-05-01,1558,https://web.archive.org/web/20260501091544/https://memopzk.org/
memorial:now,"Политзаключённые в России, по данным Мемориала","Political prisoners in Russia, according to Memorial",2026-06-01,1653,https://web.archive.org/web/20260601164017/https://memopzk.org/
memorial:now,"Политзаключённые в России, по данным Мемориала","Political prisoners in Russia, according to Memorial",2026-07-01,1702,https://web.archive.org/web/20260701165812/https://memopzk.org/
memorial:now,"Политзаключённые в России, по данным Мемориала","Political prisoners in Russia, according to Memorial",2026-08-02,1762,https://web.archive.org/web/20260802201047/https://memopzk.org/
memorial:now,"Политзаключённые в России, по данным Мемориала","Political prisoners in Russia, according to Memorial",2026-09-02,1791,https://web.archive.org/web/20260902000320/https://memopzk.org/
memorial:now,"Политзаключённые в России, по данным Мемориала","Political prisoners in Russia, according to Memorial",2026-09-19,1810,https://web.archive.org/web/20260919233301/https://memopzk.org/
memorial:now,"Политзаключённые в России, по данным Мемориала","Political prisoners in Russia, according to Memorial",2026-10-01,1829,https://web.archive.org/web/20261001044924/https://memopzk.org/
memorial:now,"Политзаключённые в России, по данным Мемориала","Political prisoners in Russia, according to Memorial",2026-10-07,1843,https://memopzk.org/
memorial:now,"Политзаключённые в России, по данным Мемориала","Political prisoners in Russia, according to Memorial",2026-10-08,1844,https://memopzk.org/
memorial:now,"Политзаключённые в России, по данным Мемориала","Political prisoners in Russia, according to Memorial",2026-10-10,1843,https://memopzk.org/
ovd:imprisoned,"В заключении по антивоенным делам, по данным ОВД-Инфо","Behind bars in anti-war cases, according to OVD-Info",2025-07-19,331,https://web.archive.org/web/20250719155533/https://repression.info/ru
ovd:imprisoned,"В заключении по антивоенным делам, по данным ОВД-Инфо","Behind bars in anti-war cases, according to OVD-Info",2025-08-02,332,https://web.archive.org/web/20250802121551/https://repression.info/ru
ovd:imprisoned,"В заключении по антивоенным делам, по данным ОВД-Инфо","Behind bars in anti-war cases, according to OVD-Info",2025-09-04,356,https://web.archive.org/web/20250904084422/https://repression.info/ru
ovd:imprisoned,"В заключении по антивоенным делам, по данным ОВД-Инфо","Behind bars in anti-war cases, according to OVD-Info",2025-10-01,360,https://web.archive.org/web/20251001160925/https://repression.info/ru
ovd:imprisoned,"В заключении по антивоенным делам, по данным ОВД-Инфо","Behind bars in anti-war cases, according to OVD-Info",2025-11-12,363,https://web.archive.org/web/20251112231921/https://repression.info/ru
ovd:imprisoned,"В заключении по антивоенным делам, по данным ОВД-Инфо","Behind bars in anti-war cases, according to OVD-Info",2025-12-01,372,https://web.archive.org/web/20251201093118/https://repression.info/ru
ovd:imprisoned,"В заключении по антивоенным делам, по данным ОВД-Инфо","Behind bars in anti-war cases, according to OVD-Info",2026-01-07,377,https://web.archive.org/web/20260107083935/https://repression.info/ru
ovd:imprisoned,"В заключении по антивоенным делам, по данным ОВД-Инфо","Behind bars in anti-war cases, according to OVD-Info",2026-02-03,378,https://web.archive.org/web/20260203181815/https://repression.info/ru
ovd:imprisoned,"В заключении по антивоенным делам, по данным ОВД-Инфо","Behind bars in anti-war cases, according to OVD-Info",2026-03-01,378,https://web.archive.org/web/20260301185403/https://repression.info/ru
ovd:imprisoned,"В заключении по антивоенным делам, по данным ОВД-Инфо","Behind bars in anti-war cases, according to OVD-Info",2026-05-01,383,https://web.archive.org/web/20260501175458/https://repression.info/ru
ovd:imprisoned,"В заключении по антивоенным делам, по данным ОВД-Инфо","Behind bars in anti-war cases, according to OVD-Info",2026-07-01,377,https://web.archive.org/web/20260701154452/https://repression.info/ru
ovd:imprisoned,"В заключении по антивоенным делам, по данным ОВД-Инфо","Behind bars in anti-war cases, according to OVD-Info",2026-09-01,349,https://web.archive.org/web/20260901190540/https://repression.info/ru
ovd:imprisoned,"В заключении по антивоенным делам, по данным ОВД-Инфо","Behind bars in anti-war cases, according to OVD-Info",2026-09-25,347,https://repression.info/ru
ovd:imprisoned,"В заключении по антивоенным делам, по данным ОВД-Инфо","Behind bars in anti-war cases, according to OVD-Info",2026-10-07,348,https://repression.info/ru
crimea,"Политзаключённые из Крыма, по данным Крымскотатарского ресурсного центра","Political prisoners from Crimea, according to the Crimean Tatar Resource Center",2022-12-27,155,https://web.archive.org/web/20221227021932/https://ctrcenter.org/uk/projects/zhertvy-okkupacii
crimea,"Политзаключённые из Крыма, по данным Крымскотатарского ресурсного центра","Political prisoners from Crimea, according to the Crimean Tatar Resource Center",2023-11-03,182,https://web.archive.org/web/20231103093635/https://ctrcenter.org/uk/projects/zhertvy-okkupacii
crimea,"Политзаключённые из Крыма, по данным Крымскотатарского ресурсного центра","Political prisoners from Crimea, according to the Crimean Tatar Resource Center",2024-07-05,206,https://web.archive.org/web/20240705020255/https://ctrcenter.org/uk/projects/zhertvy-okkupacii
crimea,"Политзаключённые из Крыма, по данным Крымскотатарского ресурсного центра","Political prisoners from Crimea, according to the Crimean Tatar Resource Center",2024-12-07,231,https://web.archive.org/web/20241207013708/https://ctrcenter.org/uk/projects/zhertvy-okkupacii
crimea,"Политзаключённые из Крыма, по данным Крымскотатарского ресурсного центра","Political prisoners from Crimea, according to the Crimean Tatar Resource Center",2025-06-19,261,https://web.archive.org/web/20250619115902/https://ctrcenter.org/uk/projects/zhertvy-okkupacii
crimea,"Политзаключённые из Крыма, по данным Крымскотатарского ресурсного центра","Political prisoners from Crimea, according to the Crimean Tatar Resource Center",2025-08-15,277,https://ctrcenter.org/uk/277-politvyazniv-krymu-utrymuyutsya-u-rosijskyh-misczyah-nesvobody-krcz
crimea,"Политзаключённые из Крыма, по данным Крымскотатарского ресурсного центра","Political prisoners from Crimea, according to the Crimean Tatar Resource Center",2025-12-21,326,https://web.archive.org/web/20251221163739/https://ctrcenter.org/uk/projects/zhertvy-okkupacii
crimea,"Политзаключённые из Крыма, по данным Крымскотатарского ресурсного центра","Political prisoners from Crimea, according to the Crimean Tatar Resource Center",2026-03-03,340,https://ctrcenter.org/uk/sytuacziyu-v-okupovanomu-krymu-obgovoryly-na-forumi-cafe-kyiv-2026
crimea,"Политзаключённые из Крыма, по данным Крымскотатарского ресурсного центра","Political prisoners from Crimea, according to the Crimean Tatar Resource Center",2026-05-04,356,https://web.archive.org/web/20260504150710/https://ctrcenter.org/uk/projects/zhertvy-okkupacii
crimea,"Политзаключённые из Крыма, по данным Крымскотатарского ресурсного центра","Political prisoners from Crimea, according to the Crimean Tatar Resource Center",2026-07-27,372,https://ctrcenter.org/uk/projects/zhertvy-okkupacii
crimea,"Политзаключённые из Крыма, по данным Крымскотатарского ресурсного центра","Political prisoners from Crimea, according to the Crimean Tatar Resource Center",2026-09-26,384,https://ctrcenter.org/uk/projects/zhertvy-okkupacii
crimea,"Политзаключённые из Крыма, по данным Крымскотатарского ресурсного центра","Political prisoners from Crimea, according to the Crimean Tatar Resource Center",2026-10-07,385,https://ctrcenter.org/uk/projects/zhertvy-okkupacii
viasna,"Политзаключённые в Беларуси, по данным «Вясны»","Political prisoners in Belarus, according to Viasna",2022-01-22,989,https://web.archive.org/web/20220122105145/https://prisoners.spring96.org/ru
viasna,"Политзаключённые в Беларуси, по данным «Вясны»","Political prisoners in Belarus, according to Viasna",2022-07-04,1232,https://web.archive.org/web/20220704181248/https://prisoners.spring96.org/ru
viasna,"Политзаключённые в Беларуси, по данным «Вясны»","Political prisoners in Belarus, according to Viasna",2023-01-03,1446,https://web.archive.org/web/20230103110902/https://prisoners.spring96.org/ru
viasna,"Политзаключённые в Беларуси, по данным «Вясны»","Political prisoners in Belarus, according to Viasna",2023-07-05,1497,https://web.archive.org/web/20230705064047/https://prisoners.spring96.org/ru
viasna,"Политзаключённые в Беларуси, по данным «Вясны»","Political prisoners in Belarus, according to Viasna",2024-07-01,1413,https://web.archive.org/web/20240701044919/https://prisoners.spring96.org/ru
viasna,"Политзаключённые в Беларуси, по данным «Вясны»","Political prisoners in Belarus, according to Viasna",2025-01-02,1265,https://web.archive.org/web/20250102175523/https://prisoners.spring96.org/ru
viasna,"Политзаключённые в Беларуси, по данным «Вясны»","Political prisoners in Belarus, according to Viasna",2025-07-02,1164,https://t.me/viasna96/31267
viasna,"Политзаключённые в Беларуси, по данным «Вясны»","Political prisoners in Belarus, according to Viasna",2026-03-02,1142,https://t.me/viasna96/33859
viasna,"Политзаключённые в Беларуси, по данным «Вясны»","Political prisoners in Belarus, according to Viasna",2026-03-22,897,https://t.me/viasna96/34238
viasna,"Политзаключённые в Беларуси, по данным «Вясны»","Political prisoners in Belarus, according to Viasna",2026-07-29,863,https://t.me/viasna96/35897
viasna,"Политзаключённые в Беларуси, по данным «Вясны»","Political prisoners in Belarus, according to Viasna",2026-08-24,877,https://t.me/viasna96/36175
viasna,"Политзаключённые в Беларуси, по данным «Вясны»","Political prisoners in Belarus, according to Viasna",2026-09-18,886,https://t.me/viasna96/36497
viasna,"Политзаключённые в Беларуси, по данным «Вясны»","Political prisoners in Belarus, according to Viasna",2026-09-30,879,https://t.me/viasna96/36632
memorial:war,Узники войны,Prisoners of war,2026-04-01,450,https://web.archive.org/web/20260401045420/https://memopzk.org/
memorial:war,Узники войны,Prisoners of war,2026-05-01,478,https://web.archive.org/web/20260501091544/https://memopzk.org/
memorial:war,Узники войны,Prisoners of war,2026-06-01,506,https://web.archive.org/web/20260601164017/https://memopzk.org/
memorial:war,Узники войны,Prisoners of war,2026-07-01,539,https://web.archive.org/web/20260701165812/https://memopzk.org/
memorial:war,Узники войны,Prisoners of war,2026-08-02,568,https://web.archive.org/web/20260802201047/https://memopzk.org/
memorial:war,Узники войны,Prisoners of war,2026-09-02,595,https://web.archive.org/web/20260902000320/https://memopzk.org/
memorial:war,Узники войны,Prisoners of war,2026-10-01,614,https://web.archive.org/web/20261001044924/https://memopzk.org/
memorial:war,Узники войны,Prisoners of war,2026-10-07,621,https://memopzk.org/
memorial:war,Узники войны,Prisoners of war,2026-10-08,620,https://memopzk.org/
memorial:hizb,Дела «Хизб ут-Тахрир»,Hizb ut-Tahrir cases,2026-04-01,229,https://web.archive.org/web/20260401045420/https://memopzk.org/
memorial:hizb,Дела «Хизб ут-Тахрир»,Hizb ut-Tahrir cases,2026-05-01,229,https://web.archive.org/web/20260501091544/https://memopzk.org/
memorial:hizb,Дела «Хизб ут-Тахрир»,Hizb ut-Tahrir cases,2026-06-01,238,https://web.archive.org/web/20260601164017/https://memopzk.org/
memorial:hizb,Дела «Хизб ут-Тахрир»,Hizb ut-Tahrir cases,2026-07-01,238,https://web.archive.org/web/20260701165812/https://memopzk.org/
memorial:hizb,Дела «Хизб ут-Тахрир»,Hizb ut-Tahrir cases,2026-08-02,238,https://web.archive.org/web/20260802201047/https://memopzk.org/
memorial:hizb,Дела «Хизб ут-Тахрир»,Hizb ut-Tahrir cases,2026-09-02,237,https://web.archive.org/web/20260902000320/https://memopzk.org/
memorial:hizb,Дела «Хизб ут-Тахрир»,Hizb ut-Tahrir cases,2026-10-01,237,https://web.archive.org/web/20261001044924/https://memopzk.org/
memorial:hizb,Дела «Хизб ут-Тахрир»,Hizb ut-Tahrir cases,2026-10-07,237,https://memopzk.org/
memorial:hizb,Дела «Хизб ут-Тахрир»,Hizb ut-Tahrir cases,2026-10-10,236,https://memopzk.org/
memorial:jw,Свидетели Иеговы,Jehovah's Witnesses,2026-04-01,223,https://web.archive.org/web/20260401045420/https://memopzk.org/
memorial:jw,Свидетели Иеговы,Jehovah's Witnesses,2026-05-01,270,https://web.archive.org/web/20260501091544/https://memopzk.org/
memorial:jw,Свидетели Иеговы,Jehovah's Witnesses,2026-06-01,321,https://web.archive.org/web/20260601164017/https://memopzk.org/
memorial:jw,Свидетели Иеговы,Jehovah's Witnesses,2026-07-01,540,https://web.archive.org/web/20260701165812/https://memopzk.org/
memorial:jw,Свидетели Иеговы,Jehovah's Witnesses,2026-08-02,540,https://web.archive.org/web/20260802201047/https://memopzk.org/
memorial:jw,Свидетели Иеговы,Jehovah's Witnesses,2026-09-02,540,https://web.archive.org/web/20260902000320/https://memopzk.org/
memorial:jw,Свидетели Иеговы,Jehovah's Witnesses,2026-10-01,540,https://web.archive.org/web/20261001044924/https://memopzk.org/
memorial:jw,Свидетели Иеговы,Jehovah's Witnesses,2026-10-07,536,https://memopzk.org/
memorial:jw,Свидетели Иеговы,Jehovah's Witnesses,2026-10-10,535,https://memopzk.org/
memorial:other,Другие жертвы политических репрессий,Other victims of political repression,2026-04-01,2444,https://web.archive.org/web/20260401045420/https://memopzk.org/
memorial:other,Другие жертвы политических репрессий,Other victims of political repression,2026-05-01,2505,https://web.archive.org/web/20260501091544/https://memopzk.org/
memorial:other,Другие жертвы политических репрессий,Other victims of political repression,2026-06-01,2657,https://web.archive.org/web/20260601164017/https://memopzk.org/
memorial:other,Другие жертвы политических репрессий,Other victims of political repression,2026-07-01,2746,https://web.archive.org/web/20260701165812/https://memopzk.org/
memorial:other,Другие жертвы политических репрессий,Other victims of political repression,2026-08-02,2847,https://web.archive.org/web/20260802201047/https://memopzk.org/
memorial:other,Другие жертвы политических репрессий,Other victims of political repression,2026-09-02,3064,https://web.archive.org/web/20260902000320/https://memopzk.org/
memorial:other,Другие жертвы политических репрессий,Other victims of political repression,2026-10-01,3126,https://web.archive.org/web/20261001044924/https://memopzk.org/
memorial:other,Другие жертвы политических репрессий,Other victims of political repression,2026-10-07,3132,https://memopzk.org/
memorial:other,Другие жертвы политических репрессий,Other victims of political repression,2026-10-08,3138,https://memopzk.org/
memorial:other,Другие жертвы политических репрессий,Other victims of political repression,2026-10-10,3142,https://memopzk.org/
ovd:persons,Фигуранты антивоенных уголовных дел,People charged in anti-war criminal cases,2025-07-02,1161,https://web.archive.org/web/20250702125146/https://repression.info/ru
ovd:persons,Фигуранты антивоенных уголовных дел,People charged in anti-war criminal cases,2025-08-02,1182,https://web.archive.org/web/20250802121551/https://repression.info/ru
ovd:persons,Фигуранты антивоенных уголовных дел,People charged in anti-war criminal cases,2025-09-04,1231,https://web.archive.org/web/20250904084422/https://repression.info/ru
ovd:persons,Фигуранты антивоенных уголовных дел,People charged in anti-war criminal cases,2025-10-01,1246,https://web.archive.org/web/20251001160925/https://repression.info/ru
ovd:persons,Фигуранты антивоенных уголовных дел,People charged in anti-war criminal cases,2025-11-12,1280,https://web.archive.org/web/20251112231921/https://repression.info/ru
ovd:persons,Фигуранты антивоенных уголовных дел,People charged in anti-war criminal cases,2025-12-01,1298,https://web.archive.org/web/20251201093118/https://repression.info/ru
ovd:persons,Фигуранты антивоенных уголовных дел,People charged in anti-war criminal cases,2026-01-07,1313,https://web.archive.org/web/20260107083935/https://repression.info/ru
ovd:persons,Фигуранты антивоенных уголовных дел,People charged in anti-war criminal cases,2026-02-03,1325,https://web.archive.org/web/20260203181815/https://repression.info/ru
ovd:persons,Фигуранты антивоенных уголовных дел,People charged in anti-war criminal cases,2026-03-01,1333,https://web.archive.org/web/20260301185403/https://repression.info/ru
ovd:persons,Фигуранты антивоенных уголовных дел,People charged in anti-war criminal cases,2026-10-07,1384,https://repression.info/ru
ovd:a:112,ст. 112 УК: умышленное причинение средней тяжести вреда здоровью,Art. 112: умышленное причинение средней тяжести вреда здоровью,2025-07-02,1,https://web.archive.org/web/20250702125146/https://repression.info/ru
ovd:a:112,ст. 112 УК: умышленное причинение средней тяжести вреда здоровью,Art. 112: умышленное причинение средней тяжести вреда здоровью,2025-08-02,1,https://web.archive.org/web/20250802121551/https://repression.info/ru
ovd:a:112,ст. 112 УК: умышленное причинение средней тяжести вреда здоровью,Art. 112: умышленное причинение средней тяжести вреда здоровью,2025-09-04,1,https://web.archive.org/web/20250904084422/https://repression.info/ru
ovd:a:112,ст. 112 УК: умышленное причинение средней тяжести вреда здоровью,Art. 112: умышленное причинение средней тяжести вреда здоровью,2025-10-01,1,https://web.archive.org/web/20251001160925/https://repression.info/ru
ovd:a:112,ст. 112 УК: умышленное причинение средней тяжести вреда здоровью,Art. 112: умышленное причинение средней тяжести вреда здоровью,2025-11-12,1,https://web.archive.org/web/20251112231921/https://repression.info/ru
ovd:a:112,ст. 112 УК: умышленное причинение средней тяжести вреда здоровью,Art. 112: умышленное причинение средней тяжести вреда здоровью,2025-12-01,1,https://web.archive.org/web/20251201093118/https://repression.info/ru
ovd:a:112,ст. 112 УК: умышленное причинение средней тяжести вреда здоровью,Art. 112: умышленное причинение средней тяжести вреда здоровью,2026-01-07,1,https://web.archive.org/web/20260107083935/https://repression.info/ru
ovd:a:112,ст. 112 УК: умышленное причинение средней тяжести вреда здоровью,Art. 112: умышленное причинение средней тяжести вреда здоровью,2026-02-03,1,https://web.archive.org/web/20260203181815/https://repression.info/ru
ovd:a:112,ст. 112 УК: умышленное причинение средней тяжести вреда здоровью,Art. 112: умышленное причинение средней тяжести вреда здоровью,2026-03-01,1,https://web.archive.org/web/20260301185403/https://repression.info/ru
ovd:a:112,ст. 112 УК: умышленное причинение средней тяжести вреда здоровью,Art. 112: умышленное причинение средней тяжести вреда здоровью,2026-10-07,1,https://repression.info/ru
ovd:a:115,ст. 115 УК: умышленное причинение легкого вреда здоровью,Art. 115: умышленное причинение легкого вреда здоровью,2025-07-02,5,https://web.archive.org/web/20250702125146/https://repression.info/ru
ovd:a:115,ст. 115 УК: умышленное причинение легкого вреда здоровью,Art. 115: умышленное причинение легкого вреда здоровью,2025-08-02,5,https://web.archive.org/web/20250802121551/https://repression.info/ru
ovd:a:115,ст. 115 УК: умышленное причинение легкого вреда здоровью,Art. 115: умышленное причинение легкого вреда здоровью,2025-09-04,5,https://web.archive.org/web/20250904084422/https://repression.info/ru
ovd:a:115,ст. 115 УК: умышленное причинение легкого вреда здоровью,Art. 115: умышленное причинение легкого вреда здоровью,2025-10-01,5,https://web.archive.org/web/20251001160925/https://repression.info/ru
ovd:a:115,ст. 115 УК: умышленное причинение легкого вреда здоровью,Art. 115: умышленное причинение легкого вреда здоровью,2025-11-12,5,https://web.archive.org/web/20251112231921/https://repression.info/ru
ovd:a:115,ст. 115 УК: умышленное причинение легкого вреда здоровью,Art. 115: умышленное причинение легкого вреда здоровью,2025-12-01,5,https://web.archive.org/web/20251201093118/https://repression.info/ru
ovd:a:115,ст. 115 УК: умышленное причинение легкого вреда здоровью,Art. 115: умышленное причинение легкого вреда здоровью,2026-01-07,5,https://web.archive.org/web/20260107083935/https://repression.info/ru
ovd:a:115,ст. 115 УК: умышленное причинение легкого вреда здоровью,Art. 115: умышленное причинение легкого вреда здоровью,2026-02-03,5,https://web.archive.org/web/20260203181815/https://repression.info/ru
ovd:a:115,ст. 115 УК: умышленное причинение легкого вреда здоровью,Art. 115: умышленное причинение легкого вреда здоровью,2026-03-01,5,https://web.archive.org/web/20260301185403/https://repression.info/ru
ovd:a:115,ст. 115 УК: умышленное причинение легкого вреда здоровью,Art. 115: умышленное причинение легкого вреда здоровью,2026-10-07,5,https://repression.info/ru
ovd:a:116,ст. 116 УК: нанесение побоев,Art. 116: нанесение побоев,2025-07-02,1,https://web.archive.org/web/20250702125146/https://repression.info/ru
ovd:a:116,ст. 116 УК: нанесение побоев,Art. 116: нанесение побоев,2025-08-02,1,https://web.archive.org/web/20250802121551/https://repression.info/ru
ovd:a:116,ст. 116 УК: нанесение побоев,Art. 116: нанесение побоев,2025-09-04,1,https://web.archive.org/web/20250904084422/https://repression.info/ru
ovd:a:116,ст. 116 УК: нанесение побоев,Art. 116: нанесение побоев,2025-10-01,1,https://web.archive.org/web/20251001160925/https://repression.info/ru
ovd:a:116,ст. 116 УК: нанесение побоев,Art. 116: нанесение побоев,2025-11-12,1,https://web.archive.org/web/20251112231921/https://repression.info/ru
ovd:a:116,ст. 116 УК: нанесение побоев,Art. 116: нанесение побоев,2025-12-01,1,https://web.archive.org/web/20251201093118/https://repression.info/ru
ovd:a:116,ст. 116 УК: нанесение побоев,Art. 116: нанесение побоев,2026-01-07,1,https://web.archive.org/web/20260107083935/https://repression.info/ru
ovd:a:116,ст. 116 УК: нанесение побоев,Art. 116: нанесение побоев,2026-02-03,1,https://web.archive.org/web/20260203181815/https://repression.info/ru
ovd:a:116,ст. 116 УК: нанесение побоев,Art. 116: нанесение побоев,2026-03-01,1,https://web.archive.org/web/20260301185403/https://repression.info/ru
ovd:a:116,ст. 116 УК: нанесение побоев,Art. 116: нанесение побоев,2026-10-07,1,https://repression.info/ru
ovd:a:119,ст. 119 УК: угроза убийством или причинением тяжкого вреда здоровью,Art. 119: угроза убийством или причинением тяжкого вреда здоровью,2025-07-02,2,https://web.archive.org/web/20250702125146/https://repression.info/ru
ovd:a:119,ст. 119 УК: угроза убийством или причинением тяжкого вреда здоровью,Art. 119: угроза убийством или причинением тяжкого вреда здоровью,2025-08-02,2,https://web.archive.org/web/20250802121551/https://repression.info/ru
ovd:a:119,ст. 119 УК: угроза убийством или причинением тяжкого вреда здоровью,Art. 119: угроза убийством или причинением тяжкого вреда здоровью,2025-09-04,2,https://web.archive.org/web/20250904084422/https://repression.info/ru
ovd:a:119,ст. 119 УК: угроза убийством или причинением тяжкого вреда здоровью,Art. 119: угроза убийством или причинением тяжкого вреда здоровью,2025-10-01,2,https://web.archive.org/web/20251001160925/https://repression.info/ru
ovd:a:119,ст. 119 УК: угроза убийством или причинением тяжкого вреда здоровью,Art. 119: угроза убийством или причинением тяжкого вреда здоровью,2025-11-12,2,https://web.archive.org/web/20251112231921/https://repression.info/ru
ovd:a:119,ст. 119 УК: угроза убийством или причинением тяжкого вреда здоровью,Art. 119: угроза убийством или причинением тяжкого вреда здоровью,2025-12-01,2,https://web.archive.org/web/20251201093118/https://repression.info/ru
ovd:a:119,ст. 119 УК: угроза убийством или причинением тяжкого вреда здоровью,Art. 119: угроза убийством или причинением тяжкого вреда здоровью,2026-01-07,2,https://web.archive.org/web/20260107083935/https://repression.info/ru
ovd:a:119,ст. 119 УК: угроза убийством или причинением тяжкого вреда здоровью,Art. 119: угроза убийством или причинением тяжкого вреда здоровью,2026-02-03,2,https://web.archive.org/web/20260203181815/https://repression.info/ru
ovd:a:119,ст. 119 УК: угроза убийством или причинением тяжкого вреда здоровью,Art. 119: угроза убийством или причинением тяжкого вреда здоровью,2026-03-01,2,https://web.archive.org/web/20260301185403/https://repression.info/ru
ovd:a:119,ст. 119 УК: угроза убийством или причинением тяжкого вреда здоровью,Art. 119: угроза убийством или причинением тяжкого вреда здоровью,2026-10-07,2,https://repression.info/ru
ovd:a:148,ст. 148 УК: воспрепятствование осуществлению права на свободу совести и,Art. 148: воспрепятствование осуществлению права на свободу совести и,2025-07-02,6,https://web.archive.org/web/20250702125146/https://repression.info/ru
ovd:a:148,ст. 148 УК: воспрепятствование осуществлению права на свободу совести и,Art. 148: воспрепятствование осуществлению права на свободу совести и,2025-08-02,6,https://web.archive.org/web/20250802121551/https://repression.info/ru
ovd:a:148,ст. 148 УК: воспрепятствование осуществлению права на свободу совести и,Art. 148: воспрепятствование осуществлению права на свободу совести и,2025-09-04,6,https://web.archive.org/web/20250904084422/https://repression.info/ru
ovd:a:148,ст. 148 УК: воспрепятствование осуществлению права на свободу совести и,Art. 148: воспрепятствование осуществлению права на свободу совести и,2025-10-01,6,https://web.archive.org/web/20251001160925/https://repression.info/ru
ovd:a:148,ст. 148 УК: воспрепятствование осуществлению права на свободу совести и,Art. 148: воспрепятствование осуществлению права на свободу совести и,2025-11-12,6,https://web.archive.org/web/20251112231921/https://repression.info/ru
ovd:a:148,ст. 148 УК: воспрепятствование осуществлению права на свободу совести и,Art. 148: воспрепятствование осуществлению права на свободу совести и,2025-12-01,6,https://web.archive.org/web/20251201093118/https://repression.info/ru
ovd:a:148,ст. 148 УК: воспрепятствование осуществлению права на свободу совести и,Art. 148: воспрепятствование осуществлению права на свободу совести и,2026-01-07,6,https://web.archive.org/web/20260107083935/https://repression.info/ru
ovd:a:148,ст. 148 УК: воспрепятствование осуществлению права на свободу совести и,Art. 148: воспрепятствование осуществлению права на свободу совести и,2026-02-03,6,https://web.archive.org/web/20260203181815/https://repression.info/ru
ovd:a:148,ст. 148 УК: воспрепятствование осуществлению права на свободу совести и,Art. 148: воспрепятствование осуществлению права на свободу совести и,2026-03-01,6,https://web.archive.org/web/20260301185403/https://repression.info/ru
ovd:a:148,ст. 148 УК: воспрепятствование осуществлению права на свободу совести и,Art. 148: воспрепятствование осуществлению права на свободу совести и,2026-10-07,8,https://repression.info/ru
ovd:a:150,ст. 150 УК: вовлечение несовершеннолетнего в совершение преступления,Art. 150: вовлечение несовершеннолетнего в совершение преступления,2025-07-02,2,https://web.archive.org/web/20250702125146/https://repression.info/ru
ovd:a:150,ст. 150 УК: вовлечение несовершеннолетнего в совершение преступления,Art. 150: вовлечение несовершеннолетнего в совершение преступления,2025-08-02,3,https://web.archive.org/web/20250802121551/https://repression.info/ru
ovd:a:150,ст. 150 УК: вовлечение несовершеннолетнего в совершение преступления,Art. 150: вовлечение несовершеннолетнего в совершение преступления,2025-09-04,3,https://web.archive.org/web/20250904084422/https://repression.info/ru
ovd:a:150,ст. 150 УК: вовлечение несовершеннолетнего в совершение преступления,Art. 150: вовлечение несовершеннолетнего в совершение преступления,2025-10-01,3,https://web.archive.org/web/20251001160925/https://repression.info/ru
ovd:a:150,ст. 150 УК: вовлечение несовершеннолетнего в совершение преступления,Art. 150: вовлечение несовершеннолетнего в совершение преступления,2025-11-12,2,https://web.archive.org/web/20251112231921/https://repression.info/ru
ovd:a:150,ст. 150 УК: вовлечение несовершеннолетнего в совершение преступления,Art. 150: вовлечение несовершеннолетнего в совершение преступления,2025-12-01,2,https://web.archive.org/web/20251201093118/https://repression.info/ru
ovd:a:150,ст. 150 УК: вовлечение несовершеннолетнего в совершение преступления,Art. 150: вовлечение несовершеннолетнего в совершение преступления,2026-01-07,2,https://web.archive.org/web/20260107083935/https://repression.info/ru
ovd:a:150,ст. 150 УК: вовлечение несовершеннолетнего в совершение преступления,Art. 150: вовлечение несовершеннолетнего в совершение преступления,2026-02-03,2,https://web.archive.org/web/20260203181815/https://repression.info/ru
ovd:a:150,ст. 150 УК: вовлечение несовершеннолетнего в совершение преступления,Art. 150: вовлечение несовершеннолетнего в совершение преступления,2026-03-01,2,https://web.archive.org/web/20260301185403/https://repression.info/ru
ovd:a:150,ст. 150 УК: вовлечение несовершеннолетнего в совершение преступления,Art. 150: вовлечение несовершеннолетнего в совершение преступления,2026-10-07,2,https://repression.info/ru
ovd:a:159,ст. 159 УК: мошенничество,Art. 159: мошенничество,2025-07-02,5,https://web.archive.org/web/20250702125146/https://repression.info/ru
ovd:a:159,ст. 159 УК: мошенничество,Art. 159: мошенничество,2025-08-02,5,https://web.archive.org/web/20250802121551/https://repression.info/ru
ovd:a:159,ст. 159 УК: мошенничество,Art. 159: мошенничество,2025-09-04,5,https://web.archive.org/web/20250904084422/https://repression.info/ru
ovd:a:159,ст. 159 УК: мошенничество,Art. 159: мошенничество,2025-10-01,5,https://web.archive.org/web/20251001160925/https://repression.info/ru
ovd:a:159,ст. 159 УК: мошенничество,Art. 159: мошенничество,2025-11-12,5,https://web.archive.org/web/20251112231921/https://repression.info/ru
ovd:a:159,ст. 159 УК: мошенничество,Art. 159: мошенничество,2025-12-01,5,https://web.archive.org/web/20251201093118/https://repression.info/ru
ovd:a:159,ст. 159 УК: мошенничество,Art. 159: мошенничество,2026-01-07,5,https://web.archive.org/web/20260107083935/https://repression.info/ru
ovd:a:159,ст. 159 УК: мошенничество,Art. 159: мошенничество,2026-02-03,5,https://web.archive.org/web/20260203181815/https://repression.info/ru
ovd:a:159,ст. 159 УК: мошенничество,Art. 159: мошенничество,2026-03-01,5,https://web.archive.org/web/20260301185403/https://repression.info/ru
ovd:a:159,ст. 159 УК: мошенничество,Art. 159: мошенничество,2026-10-07,5,https://repression.info/ru
ovd:a:163,ст. 163 УК: вымогательство,Art. 163: вымогательство,2025-07-02,1,https://web.archive.org/web/20250702125146/https://repression.info/ru
ovd:a:163,ст. 163 УК: вымогательство,Art. 163: вымогательство,2025-08-02,1,https://web.archive.org/web/20250802121551/https://repression.info/ru
ovd:a:163,ст. 163 УК: вымогательство,Art. 163: вымогательство,2025-09-04,1,https://web.archive.org/web/20250904084422/https://repression.info/ru
ovd:a:163,ст. 163 УК: вымогательство,Art. 163: вымогательство,2025-10-01,1,https://web.archive.org/web/20251001160925/https://repression.info/ru
ovd:a:163,ст. 163 УК: вымогательство,Art. 163: вымогательство,2025-11-12,1,https://web.archive.org/web/20251112231921/https://repression.info/ru
ovd:a:163,ст. 163 УК: вымогательство,Art. 163: вымогательство,2025-12-01,1,https://web.archive.org/web/20251201093118/https://repression.info/ru
ovd:a:163,ст. 163 УК: вымогательство,Art. 163: вымогательство,2026-01-07,1,https://web.archive.org/web/20260107083935/https://repression.info/ru
ovd:a:163,ст. 163 УК: вымогательство,Art. 163: вымогательство,2026-02-03,1,https://web.archive.org/web/20260203181815/https://repression.info/ru
ovd:a:163,ст. 163 УК: вымогательство,Art. 163: вымогательство,2026-03-01,1,https://web.archive.org/web/20260301185403/https://repression.info/ru
ovd:a:163,ст. 163 УК: вымогательство,Art. 163: вымогательство,2026-10-07,1,https://repression.info/ru
ovd:a:167,ст. 167 УК: умышленное уничтожение или повреждение имущества,Art. 167: умышленное уничтожение или повреждение имущества,2025-07-02,1,https://web.archive.org/web/20250702125146/https://repression.info/ru
ovd:a:167,ст. 167 УК: умышленное уничтожение или повреждение имущества,Art. 167: умышленное уничтожение или повреждение имущества,2025-08-02,1,https://web.archive.org/web/20250802121551/https://repression.info/ru
ovd:a:167,ст. 167 УК: умышленное уничтожение или повреждение имущества,Art. 167: умышленное уничтожение или повреждение имущества,2025-09-04,1,https://web.archive.org/web/20250904084422/https://repression.info/ru
ovd:a:167,ст. 167 УК: умышленное уничтожение или повреждение имущества,Art. 167: умышленное уничтожение или повреждение имущества,2025-10-01,1,https://web.archive.org/web/20251001160925/https://repression.info/ru
ovd:a:167,ст. 167 УК: умышленное уничтожение или повреждение имущества,Art. 167: умышленное уничтожение или повреждение имущества,2025-11-12,1,https://web.archive.org/web/20251112231921/https://repression.info/ru
ovd:a:167,ст. 167 УК: умышленное уничтожение или повреждение имущества,Art. 167: умышленное уничтожение или повреждение имущества,2025-12-01,1,https://web.archive.org/web/20251201093118/https://repression.info/ru
ovd:a:167,ст. 167 УК: умышленное уничтожение или повреждение имущества,Art. 167: умышленное уничтожение или повреждение имущества,2026-01-07,1,https://web.archive.org/web/20260107083935/https://repression.info/ru
ovd:a:167,ст. 167 УК: умышленное уничтожение или повреждение имущества,Art. 167: умышленное уничтожение или повреждение имущества,2026-02-03,1,https://web.archive.org/web/20260203181815/https://repression.info/ru
ovd:a:167,ст. 167 УК: умышленное уничтожение или повреждение имущества,Art. 167: умышленное уничтожение или повреждение имущества,2026-03-01,1,https://web.archive.org/web/20260301185403/https://repression.info/ru
ovd:a:167,ст. 167 УК: умышленное уничтожение или повреждение имущества,Art. 167: умышленное уничтожение или повреждение имущества,2026-10-07,1,https://repression.info/ru
ovd:a:205,ст. 205 УК: теракт,Art. 205: terrorist act,2025-07-02,39,https://web.archive.org/web/20250702125146/https://repression.info/ru
ovd:a:205,ст. 205 УК: теракт,Art. 205: terrorist act,2025-08-02,40,https://web.archive.org/web/20250802121551/https://repression.info/ru
ovd:a:205,ст. 205 УК: теракт,Art. 205: terrorist act,2025-09-04,40,https://web.archive.org/web/20250904084422/https://repression.info/ru
ovd:a:205,ст. 205 УК: теракт,Art. 205: terrorist act,2025-10-01,40,https://web.archive.org/web/20251001160925/https://repression.info/ru
ovd:a:205,ст. 205 УК: теракт,Art. 205: terrorist act,2025-11-12,39,https://web.archive.org/web/20251112231921/https://repression.info/ru
ovd:a:205,ст. 205 УК: теракт,Art. 205: terrorist act,2025-12-01,39,https://web.archive.org/web/20251201093118/https://repression.info/ru
ovd:a:205,ст. 205 УК: теракт,Art. 205: terrorist act,2026-01-07,39,https://web.archive.org/web/20260107083935/https://repression.info/ru
ovd:a:205,ст. 205 УК: теракт,Art. 205: terrorist act,2026-02-03,39,https://web.archive.org/web/20260203181815/https://repression.info/ru
ovd:a:205,ст. 205 УК: теракт,Art. 205: terrorist act,2026-03-01,39,https://web.archive.org/web/20260301185403/https://repression.info/ru
ovd:a:205,ст. 205 УК: теракт,Art. 205: terrorist act,2026-10-07,39,https://repression.info/ru
ovd:a:207,ст. 207 УК: ложное сообщение о теракте,Art. 207: false terror report,2025-07-02,29,https://web.archive.org/web/20250702125146/https://repression.info/ru
ovd:a:207,ст. 207 УК: ложное сообщение о теракте,Art. 207: false terror report,2025-08-02,29,https://web.archive.org/web/20250802121551/https://repression.info/ru
ovd:a:207,ст. 207 УК: ложное сообщение о теракте,Art. 207: false terror report,2025-09-04,29,https://web.archive.org/web/20250904084422/https://repression.info/ru
ovd:a:207,ст. 207 УК: ложное сообщение о теракте,Art. 207: false terror report,2025-10-01,29,https://web.archive.org/web/20251001160925/https://repression.info/ru
ovd:a:207,ст. 207 УК: ложное сообщение о теракте,Art. 207: false terror report,2025-11-12,29,https://web.archive.org/web/20251112231921/https://repression.info/ru
ovd:a:207,ст. 207 УК: ложное сообщение о теракте,Art. 207: false terror report,2025-12-01,29,https://web.archive.org/web/20251201093118/https://repression.info/ru
ovd:a:207,ст. 207 УК: ложное сообщение о теракте,Art. 207: false terror report,2026-01-07,29,https://web.archive.org/web/20260107083935/https://repression.info/ru
ovd:a:207,ст. 207 УК: ложное сообщение о теракте,Art. 207: false terror report,2026-02-03,29,https://web.archive.org/web/20260203181815/https://repression.info/ru
ovd:a:207,ст. 207 УК: ложное сообщение о теракте,Art. 207: false terror report,2026-03-01,29,https://web.archive.org/web/20260301185403/https://repression.info/ru
ovd:a:207,ст. 207 УК: ложное сообщение о теракте,Art. 207: false terror report,2026-10-07,29,https://repression.info/ru
ovd:a:208,ст. 208 УК: организация незаконного вооруженного формирования или участи,Art. 208: организация незаконного вооруженного формирования или участи,2025-07-02,1,https://web.archive.org/web/20250702125146/https://repression.info/ru
ovd:a:208,ст. 208 УК: организация незаконного вооруженного формирования или участи,Art. 208: организация незаконного вооруженного формирования или участи,2025-08-02,1,https://web.archive.org/web/20250802121551/https://repression.info/ru
ovd:a:208,ст. 208 УК: организация незаконного вооруженного формирования или участи,Art. 208: организация незаконного вооруженного формирования или участи,2025-09-04,1,https://web.archive.org/web/20250904084422/https://repression.info/ru
ovd:a:208,ст. 208 УК: организация незаконного вооруженного формирования или участи,Art. 208: организация незаконного вооруженного формирования или участи,2025-10-01,1,https://web.archive.org/web/20251001160925/https://repression.info/ru
ovd:a:208,ст. 208 УК: организация незаконного вооруженного формирования или участи,Art. 208: организация незаконного вооруженного формирования или участи,2025-11-12,1,https://web.archive.org/web/20251112231921/https://repression.info/ru
ovd:a:208,ст. 208 УК: организация незаконного вооруженного формирования или участи,Art. 208: организация незаконного вооруженного формирования или участи,2025-12-01,1,https://web.archive.org/web/20251201093118/https://repression.info/ru
ovd:a:208,ст. 208 УК: организация незаконного вооруженного формирования или участи,Art. 208: организация незаконного вооруженного формирования или участи,2026-01-07,1,https://web.archive.org/web/20260107083935/https://repression.info/ru
ovd:a:208,ст. 208 УК: организация незаконного вооруженного формирования или участи,Art. 208: организация незаконного вооруженного формирования или участи,2026-02-03,1,https://web.archive.org/web/20260203181815/https://repression.info/ru
ovd:a:208,ст. 208 УК: организация незаконного вооруженного формирования или участи,Art. 208: организация незаконного вооруженного формирования или участи,2026-03-01,1,https://web.archive.org/web/20260301185403/https://repression.info/ru
ovd:a:208,ст. 208 УК: организация незаконного вооруженного формирования или участи,Art. 208: организация незаконного вооруженного формирования или участи,2026-10-07,1,https://repression.info/ru
ovd:a:212,ст. 212 УК: массовые беспорядки,Art. 212: mass riots,2025-07-02,13,https://web.archive.org/web/20250702125146/https://repression.info/ru
ovd:a:212,ст. 212 УК: массовые беспорядки,Art. 212: mass riots,2025-08-02,13,https://web.archive.org/web/20250802121551/https://repression.info/ru
ovd:a:212,ст. 212 УК: массовые беспорядки,Art. 212: mass riots,2025-09-04,13,https://web.archive.org/web/20250904084422/https://repression.info/ru
ovd:a:212,ст. 212 УК: массовые беспорядки,Art. 212: mass riots,2025-10-01,13,https://web.archive.org/web/20251001160925/https://repression.info/ru
ovd:a:212,ст. 212 УК: массовые беспорядки,Art. 212: mass riots,2025-11-12,13,https://web.archive.org/web/20251112231921/https://repression.info/ru
ovd:a:212,ст. 212 УК: массовые беспорядки,Art. 212: mass riots,2025-12-01,13,https://web.archive.org/web/20251201093118/https://repression.info/ru
ovd:a:212,ст. 212 УК: массовые беспорядки,Art. 212: mass riots,2026-01-07,13,https://web.archive.org/web/20260107083935/https://repression.info/ru
ovd:a:212,ст. 212 УК: массовые беспорядки,Art. 212: mass riots,2026-02-03,13,https://web.archive.org/web/20260203181815/https://repression.info/ru
ovd:a:212,ст. 212 УК: массовые беспорядки,Art. 212: mass riots,2026-03-01,13,https://web.archive.org/web/20260301185403/https://repression.info/ru
ovd:a:212,ст. 212 УК: массовые беспорядки,Art. 212: mass riots,2026-10-07,12,https://repression.info/ru
ovd:a:213,ст. 213 УК: хулиганство,Art. 213: хулиганство,2025-07-02,8,https://web.archive.org/web/20250702125146/https://repression.info/ru
ovd:a:213,ст. 213 УК: хулиганство,Art. 213: хулиганство,2025-08-02,8,https://web.archive.org/web/20250802121551/https://repression.info/ru
ovd:a:213,ст. 213 УК: хулиганство,Art. 213: хулиганство,2025-09-04,8,https://web.archive.org/web/20250904084422/https://repression.info/ru
ovd:a:213,ст. 213 УК: хулиганство,Art. 213: хулиганство,2025-10-01,8,https://web.archive.org/web/20251001160925/https://repression.info/ru
ovd:a:213,ст. 213 УК: хулиганство,Art. 213: хулиганство,2025-11-12,8,https://web.archive.org/web/20251112231921/https://repression.info/ru
ovd:a:213,ст. 213 УК: хулиганство,Art. 213: хулиганство,2025-12-01,8,https://web.archive.org/web/20251201093118/https://repression.info/ru
ovd:a:213,ст. 213 УК: хулиганство,Art. 213: хулиганство,2026-01-07,8,https://web.archive.org/web/20260107083935/https://repression.info/ru
ovd:a:213,ст. 213 УК: хулиганство,Art. 213: хулиганство,2026-02-03,8,https://web.archive.org/web/20260203181815/https://repression.info/ru
ovd:a:213,ст. 213 УК: хулиганство,Art. 213: хулиганство,2026-03-01,8,https://web.archive.org/web/20260301185403/https://repression.info/ru
ovd:a:213,ст. 213 УК: хулиганство,Art. 213: хулиганство,2026-10-07,8,https://repression.info/ru
ovd:a:214,ст. 214 УК: вандализм,Art. 214: vandalism,2025-07-02,105,https://web.archive.org/web/20250702125146/https://repression.info/ru
ovd:a:214,ст. 214 УК: вандализм,Art. 214: vandalism,2025-08-02,105,https://web.archive.org/web/20250802121551/https://repression.info/ru
ovd:a:214,ст. 214 УК: вандализм,Art. 214: vandalism,2025-09-04,105,https://web.archive.org/web/20250904084422/https://repression.info/ru
ovd:a:214,ст. 214 УК: вандализм,Art. 214: vandalism,2025-10-01,103,https://web.archive.org/web/20251001160925/https://repression.info/ru
ovd:a:214,ст. 214 УК: вандализм,Art. 214: vandalism,2025-11-12,104,https://web.archive.org/web/20251112231921/https://repression.info/ru
ovd:a:214,ст. 214 УК: вандализм,Art. 214: vandalism,2025-12-01,104,https://web.archive.org/web/20251201093118/https://repression.info/ru
ovd:a:214,ст. 214 УК: вандализм,Art. 214: vandalism,2026-01-07,106,https://web.archive.org/web/20260107083935/https://repression.info/ru
ovd:a:214,ст. 214 УК: вандализм,Art. 214: vandalism,2026-02-03,106,https://web.archive.org/web/20260203181815/https://repression.info/ru
ovd:a:214,ст. 214 УК: вандализм,Art. 214: vandalism,2026-03-01,106,https://web.archive.org/web/20260301185403/https://repression.info/ru
ovd:a:214,ст. 214 УК: вандализм,Art. 214: vandalism,2026-10-07,105,https://repression.info/ru
ovd:a:222,ст. 222 УК: незаконная продажа огнестрельного оружия или боеприпасов,Art. 222: незаконная продажа огнестрельного оружия или боеприпасов,2025-07-02,5,https://web.archive.org/web/20250702125146/https://repression.info/ru
ovd:a:222,ст. 222 УК: незаконная продажа огнестрельного оружия или боеприпасов,Art. 222: незаконная продажа огнестрельного оружия или боеприпасов,2025-08-02,5,https://web.archive.org/web/20250802121551/https://repression.info/ru
ovd:a:222,ст. 222 УК: незаконная продажа огнестрельного оружия или боеприпасов,Art. 222: незаконная продажа огнестрельного оружия или боеприпасов,2025-09-04,5,https://web.archive.org/web/20250904084422/https://repression.info/ru
ovd:a:222,ст. 222 УК: незаконная продажа огнестрельного оружия или боеприпасов,Art. 222: незаконная продажа огнестрельного оружия или боеприпасов,2025-10-01,5,https://web.archive.org/web/20251001160925/https://repression.info/ru
ovd:a:222,ст. 222 УК: незаконная продажа огнестрельного оружия или боеприпасов,Art. 222: незаконная продажа огнестрельного оружия или боеприпасов,2025-11-12,5,https://web.archive.org/web/20251112231921/https://repression.info/ru
ovd:a:222,ст. 222 УК: незаконная продажа огнестрельного оружия или боеприпасов,Art. 222: незаконная продажа огнестрельного оружия или боеприпасов,2025-12-01,5,https://web.archive.org/web/20251201093118/https://repression.info/ru
ovd:a:222,ст. 222 УК: незаконная продажа огнестрельного оружия или боеприпасов,Art. 222: незаконная продажа огнестрельного оружия или боеприпасов,2026-01-07,5,https://web.archive.org/web/20260107083935/https://repression.info/ru
ovd:a:222,ст. 222 УК: незаконная продажа огнестрельного оружия или боеприпасов,Art. 222: незаконная продажа огнестрельного оружия или боеприпасов,2026-02-03,5,https://web.archive.org/web/20260203181815/https://repression.info/ru
ovd:a:222,ст. 222 УК: незаконная продажа огнестрельного оружия или боеприпасов,Art. 222: незаконная продажа огнестрельного оружия или боеприпасов,2026-03-01,5,https://web.archive.org/web/20260301185403/https://repression.info/ru
ovd:a:222,ст. 222 УК: незаконная продажа огнестрельного оружия или боеприпасов,Art. 222: незаконная продажа огнестрельного оружия или боеприпасов,2026-10-07,5,https://repression.info/ru
ovd:a:223,ст. 223 УК: незаконное изготовление оружия,Art. 223: незаконное изготовление оружия,2025-07-02,1,https://web.archive.org/web/20250702125146/https://repression.info/ru
ovd:a:223,ст. 223 УК: незаконное изготовление оружия,Art. 223: незаконное изготовление оружия,2025-08-02,1,https://web.archive.org/web/20250802121551/https://repression.info/ru
ovd:a:223,ст. 223 УК: незаконное изготовление оружия,Art. 223: незаконное изготовление оружия,2025-09-04,1,https://web.archive.org/web/20250904084422/https://repression.info/ru
ovd:a:223,ст. 223 УК: незаконное изготовление оружия,Art. 223: незаконное изготовление оружия,2025-10-01,1,https://web.archive.org/web/20251001160925/https://repression.info/ru
ovd:a:223,ст. 223 УК: незаконное изготовление оружия,Art. 223: незаконное изготовление оружия,2025-11-12,1,https://web.archive.org/web/20251112231921/https://repression.info/ru
ovd:a:223,ст. 223 УК: незаконное изготовление оружия,Art. 223: незаконное изготовление оружия,2025-12-01,1,https://web.archive.org/web/20251201093118/https://repression.info/ru
ovd:a:223,ст. 223 УК: незаконное изготовление оружия,Art. 223: незаконное изготовление оружия,2026-01-07,1,https://web.archive.org/web/20260107083935/https://repression.info/ru
ovd:a:223,ст. 223 УК: незаконное изготовление оружия,Art. 223: незаконное изготовление оружия,2026-02-03,1,https://web.archive.org/web/20260203181815/https://repression.info/ru
ovd:a:223,ст. 223 УК: незаконное изготовление оружия,Art. 223: незаконное изготовление оружия,2026-03-01,1,https://web.archive.org/web/20260301185403/https://repression.info/ru
ovd:a:223,ст. 223 УК: незаконное изготовление оружия,Art. 223: незаконное изготовление оружия,2026-10-07,1,https://repression.info/ru
ovd:a:228,ст. 228 УК: незаконный оборот наркотиков,Art. 228: незаконный оборот наркотиков,2025-07-02,5,https://web.archive.org/web/20250702125146/https://repression.info/ru
ovd:a:228,ст. 228 УК: незаконный оборот наркотиков,Art. 228: незаконный оборот наркотиков,2025-08-02,5,https://web.archive.org/web/20250802121551/https://repression.info/ru
ovd:a:228,ст. 228 УК: незаконный оборот наркотиков,Art. 228: незаконный оборот наркотиков,2025-09-04,5,https://web.archive.org/web/20250904084422/https://repression.info/ru
ovd:a:228,ст. 228 УК: незаконный оборот наркотиков,Art. 228: незаконный оборот наркотиков,2025-10-01,5,https://web.archive.org/web/20251001160925/https://repression.info/ru
ovd:a:228,ст. 228 УК: незаконный оборот наркотиков,Art. 228: незаконный оборот наркотиков,2025-11-12,5,https://web.archive.org/web/20251112231921/https://repression.info/ru
ovd:a:228,ст. 228 УК: незаконный оборот наркотиков,Art. 228: незаконный оборот наркотиков,2025-12-01,5,https://web.archive.org/web/20251201093118/https://repression.info/ru
ovd:a:228,ст. 228 УК: незаконный оборот наркотиков,Art. 228: незаконный оборот наркотиков,2026-01-07,5,https://web.archive.org/web/20260107083935/https://repression.info/ru
ovd:a:228,ст. 228 УК: незаконный оборот наркотиков,Art. 228: незаконный оборот наркотиков,2026-02-03,5,https://web.archive.org/web/20260203181815/https://repression.info/ru
ovd:a:228,ст. 228 УК: незаконный оборот наркотиков,Art. 228: незаконный оборот наркотиков,2026-03-01,5,https://web.archive.org/web/20260301185403/https://repression.info/ru
ovd:a:228,ст. 228 УК: незаконный оборот наркотиков,Art. 228: незаконный оборот наркотиков,2026-10-07,5,https://repression.info/ru
ovd:a:239,"ст. 239 УК: организация объединения, посягающего на свободы и права личн","Art. 239: организация объединения, посягающего на свободы и права личн",2025-07-02,14,https://web.archive.org/web/20250702125146/https://repression.info/ru
ovd:a:239,"ст. 239 УК: организация объединения, посягающего на свободы и права личн","Art. 239: организация объединения, посягающего на свободы и права личн",2025-08-02,14,https://web.archive.org/web/20250802121551/https://repression.info/ru
ovd:a:239,"ст. 239 УК: организация объединения, посягающего на свободы и права личн","Art. 239: организация объединения, посягающего на свободы и права личн",2025-09-04,14,https://web.archive.org/web/20250904084422/https://repression.info/ru
ovd:a:239,"ст. 239 УК: организация объединения, посягающего на свободы и права личн","Art. 239: организация объединения, посягающего на свободы и права личн",2025-10-01,14,https://web.archive.org/web/20251001160925/https://repression.info/ru
ovd:a:239,"ст. 239 УК: организация объединения, посягающего на свободы и права личн","Art. 239: организация объединения, посягающего на свободы и права личн",2025-11-12,14,https://web.archive.org/web/20251112231921/https://repression.info/ru
ovd:a:239,"ст. 239 УК: организация объединения, посягающего на свободы и права личн","Art. 239: организация объединения, посягающего на свободы и права личн",2025-12-01,14,https://web.archive.org/web/20251201093118/https://repression.info/ru
ovd:a:239,"ст. 239 УК: организация объединения, посягающего на свободы и права личн","Art. 239: организация объединения, посягающего на свободы и права личн",2026-01-07,14,https://web.archive.org/web/20260107083935/https://repression.info/ru
ovd:a:239,"ст. 239 УК: организация объединения, посягающего на свободы и права личн","Art. 239: организация объединения, посягающего на свободы и права личн",2026-02-03,14,https://web.archive.org/web/20260203181815/https://repression.info/ru
ovd:a:239,"ст. 239 УК: организация объединения, посягающего на свободы и права личн","Art. 239: организация объединения, посягающего на свободы и права личн",2026-03-01,13,https://web.archive.org/web/20260301185403/https://repression.info/ru
ovd:a:239,"ст. 239 УК: организация объединения, посягающего на свободы и права личн","Art. 239: организация объединения, посягающего на свободы и права личн",2026-10-07,10,https://repression.info/ru
ovd:a:242,ст. 242 УК: незаконное изготовление и распространение порнографических м,Art. 242: незаконное изготовление и распространение порнографических м,2025-07-02,1,https://web.archive.org/web/20250702125146/https://repression.info/ru
ovd:a:242,ст. 242 УК: незаконное изготовление и распространение порнографических м,Art. 242: незаконное изготовление и распространение порнографических м,2025-08-02,1,https://web.archive.org/web/20250802121551/https://repression.info/ru
ovd:a:242,ст. 242 УК: незаконное изготовление и распространение порнографических м,Art. 242: незаконное изготовление и распространение порнографических м,2025-09-04,1,https://web.archive.org/web/20250904084422/https://repression.info/ru
ovd:a:242,ст. 242 УК: незаконное изготовление и распространение порнографических м,Art. 242: незаконное изготовление и распространение порнографических м,2025-10-01,1,https://web.archive.org/web/20251001160925/https://repression.info/ru
ovd:a:242,ст. 242 УК: незаконное изготовление и распространение порнографических м,Art. 242: незаконное изготовление и распространение порнографических м,2025-11-12,1,https://web.archive.org/web/20251112231921/https://repression.info/ru
ovd:a:242,ст. 242 УК: незаконное изготовление и распространение порнографических м,Art. 242: незаконное изготовление и распространение порнографических м,2025-12-01,1,https://web.archive.org/web/20251201093118/https://repression.info/ru
ovd:a:242,ст. 242 УК: незаконное изготовление и распространение порнографических м,Art. 242: незаконное изготовление и распространение порнографических м,2026-01-07,1,https://web.archive.org/web/20260107083935/https://repression.info/ru
ovd:a:242,ст. 242 УК: незаконное изготовление и распространение порнографических м,Art. 242: незаконное изготовление и распространение порнографических м,2026-02-03,2,https://web.archive.org/web/20260203181815/https://repression.info/ru
ovd:a:242,ст. 242 УК: незаконное изготовление и распространение порнографических м,Art. 242: незаконное изготовление и распространение порнографических м,2026-03-01,2,https://web.archive.org/web/20260301185403/https://repression.info/ru
ovd:a:242,ст. 242 УК: незаконное изготовление и распространение порнографических м,Art. 242: незаконное изготовление и распространение порнографических м,2026-10-07,2,https://repression.info/ru
ovd:a:243,ст. 243 УК: уничтожение или повреждение объектов культурного наследия,Art. 243: уничтожение или повреждение объектов культурного наследия,2025-07-02,1,https://web.archive.org/web/20250702125146/https://repression.info/ru
ovd:a:243,ст. 243 УК: уничтожение или повреждение объектов культурного наследия,Art. 243: уничтожение или повреждение объектов культурного наследия,2025-08-02,1,https://web.archive.org/web/20250802121551/https://repression.info/ru
ovd:a:243,ст. 243 УК: уничтожение или повреждение объектов культурного наследия,Art. 243: уничтожение или повреждение объектов культурного наследия,2025-09-04,1,https://web.archive.org/web/20250904084422/https://repression.info/ru
ovd:a:243,ст. 243 УК: уничтожение или повреждение объектов культурного наследия,Art. 243: уничтожение или повреждение объектов культурного наследия,2025-10-01,1,https://web.archive.org/web/20251001160925/https://repression.info/ru
ovd:a:243,ст. 243 УК: уничтожение или повреждение объектов культурного наследия,Art. 243: уничтожение или повреждение объектов культурного наследия,2025-11-12,1,https://web.archive.org/web/20251112231921/https://repression.info/ru
ovd:a:243,ст. 243 УК: уничтожение или повреждение объектов культурного наследия,Art. 243: уничтожение или повреждение объектов культурного наследия,2025-12-01,1,https://web.archive.org/web/20251201093118/https://repression.info/ru
ovd:a:243,ст. 243 УК: уничтожение или повреждение объектов культурного наследия,Art. 243: уничтожение или повреждение объектов культурного наследия,2026-01-07,1,https://web.archive.org/web/20260107083935/https://repression.info/ru
ovd:a:243,ст. 243 УК: уничтожение или повреждение объектов культурного наследия,Art. 243: уничтожение или повреждение объектов культурного наследия,2026-02-03,1,https://web.archive.org/web/20260203181815/https://repression.info/ru
ovd:a:243,ст. 243 УК: уничтожение или повреждение объектов культурного наследия,Art. 243: уничтожение или повреждение объектов культурного наследия,2026-03-01,1,https://web.archive.org/web/20260301185403/https://repression.info/ru
ovd:a:243,ст. 243 УК: уничтожение или повреждение объектов культурного наследия,Art. 243: уничтожение или повреждение объектов культурного наследия,2026-10-07,1,https://repression.info/ru
ovd:a:244,ст. 244 УК: посягательство на тела умерших и места их захоронения,Art. 244: посягательство на тела умерших и места их захоронения,2025-07-02,2,https://web.archive.org/web/20250702125146/https://repression.info/ru
ovd:a:244,ст. 244 УК: посягательство на тела умерших и места их захоронения,Art. 244: посягательство на тела умерших и места их захоронения,2025-08-02,2,https://web.archive.org/web/20250802121551/https://repression.info/ru
ovd:a:244,ст. 244 УК: посягательство на тела умерших и места их захоронения,Art. 244: посягательство на тела умерших и места их захоронения,2025-09-04,2,https://web.archive.org/web/20250904084422/https://repression.info/ru
ovd:a:244,ст. 244 УК: посягательство на тела умерших и места их захоронения,Art. 244: посягательство на тела умерших и места их захоронения,2025-10-01,2,https://web.archive.org/web/20251001160925/https://repression.info/ru
ovd:a:244,ст. 244 УК: посягательство на тела умерших и места их захоронения,Art. 244: посягательство на тела умерших и места их захоронения,2025-11-12,2,https://web.archive.org/web/20251112231921/https://repression.info/ru
ovd:a:244,ст. 244 УК: посягательство на тела умерших и места их захоронения,Art. 244: посягательство на тела умерших и места их захоронения,2025-12-01,2,https://web.archive.org/web/20251201093118/https://repression.info/ru
ovd:a:244,ст. 244 УК: посягательство на тела умерших и места их захоронения,Art. 244: посягательство на тела умерших и места их захоронения,2026-01-07,2,https://web.archive.org/web/20260107083935/https://repression.info/ru
ovd:a:244,ст. 244 УК: посягательство на тела умерших и места их захоронения,Art. 244: посягательство на тела умерших и места их захоронения,2026-02-03,2,https://web.archive.org/web/20260203181815/https://repression.info/ru
ovd:a:244,ст. 244 УК: посягательство на тела умерших и места их захоронения,Art. 244: посягательство на тела умерших и места их захоронения,2026-03-01,2,https://web.archive.org/web/20260301185403/https://repression.info/ru
ovd:a:244,ст. 244 УК: посягательство на тела умерших и места их захоронения,Art. 244: посягательство на тела умерших и места их захоронения,2026-10-07,2,https://repression.info/ru
ovd:a:275,ст. 275 УК: госизмена,Art. 275: high treason,2025-07-02,18,https://web.archive.org/web/20250702125146/https://repression.info/ru
ovd:a:275,ст. 275 УК: госизмена,Art. 275: high treason,2025-08-02,17,https://web.archive.org/web/20250802121551/https://repression.info/ru
ovd:a:275,ст. 275 УК: госизмена,Art. 275: high treason,2025-09-04,17,https://web.archive.org/web/20250904084422/https://repression.info/ru
ovd:a:275,ст. 275 УК: госизмена,Art. 275: high treason,2025-10-01,17,https://web.archive.org/web/20251001160925/https://repression.info/ru
ovd:a:275,ст. 275 УК: госизмена,Art. 275: high treason,2025-11-12,16,https://web.archive.org/web/20251112231921/https://repression.info/ru
ovd:a:275,ст. 275 УК: госизмена,Art. 275: high treason,2025-12-01,16,https://web.archive.org/web/20251201093118/https://repression.info/ru
ovd:a:275,ст. 275 УК: госизмена,Art. 275: high treason,2026-01-07,16,https://web.archive.org/web/20260107083935/https://repression.info/ru
ovd:a:275,ст. 275 УК: госизмена,Art. 275: high treason,2026-02-03,16,https://web.archive.org/web/20260203181815/https://repression.info/ru
ovd:a:275,ст. 275 УК: госизмена,Art. 275: high treason,2026-03-01,16,https://web.archive.org/web/20260301185403/https://repression.info/ru
ovd:a:275,ст. 275 УК: госизмена,Art. 275: high treason,2026-10-07,17,https://repression.info/ru
ovd:a:278,ст. 278 УК: захват власти,Art. 278: seizing power,2025-11-12,23,https://web.archive.org/web/20251112231921/https://repression.info/ru
ovd:a:278,ст. 278 УК: захват власти,Art. 278: seizing power,2025-12-01,23,https://web.archive.org/web/20251201093118/https://repression.info/ru
ovd:a:278,ст. 278 УК: захват власти,Art. 278: seizing power,2026-01-07,23,https://web.archive.org/web/20260107083935/https://repression.info/ru
ovd:a:278,ст. 278 УК: захват власти,Art. 278: seizing power,2026-02-03,23,https://web.archive.org/web/20260203181815/https://repression.info/ru
ovd:a:278,ст. 278 УК: захват власти,Art. 278: seizing power,2026-03-01,23,https://web.archive.org/web/20260301185403/https://repression.info/ru
ovd:a:278,ст. 278 УК: захват власти,Art. 278: seizing power,2026-10-07,23,https://repression.info/ru
ovd:a:280,ст. 280 УК: призывы к экстремизму,Art. 280: calls for extremism,2025-07-02,69,https://web.archive.org/web/20250702125146/https://repression.info/ru
ovd:a:280,ст. 280 УК: призывы к экстремизму,Art. 280: calls for extremism,2025-08-02,73,https://web.archive.org/web/20250802121551/https://repression.info/ru
ovd:a:280,ст. 280 УК: призывы к экстремизму,Art. 280: calls for extremism,2025-09-04,84,https://web.archive.org/web/20250904084422/https://repression.info/ru
ovd:a:280,ст. 280 УК: призывы к экстремизму,Art. 280: calls for extremism,2025-10-01,84,https://web.archive.org/web/20251001160925/https://repression.info/ru
ovd:a:280,ст. 280 УК: призывы к экстремизму,Art. 280: calls for extremism,2025-11-12,82,https://web.archive.org/web/20251112231921/https://repression.info/ru
ovd:a:280,ст. 280 УК: призывы к экстремизму,Art. 280: calls for extremism,2025-12-01,82,https://web.archive.org/web/20251201093118/https://repression.info/ru
ovd:a:280,ст. 280 УК: призывы к экстремизму,Art. 280: calls for extremism,2026-01-07,82,https://web.archive.org/web/20260107083935/https://repression.info/ru
ovd:a:280,ст. 280 УК: призывы к экстремизму,Art. 280: calls for extremism,2026-02-03,85,https://web.archive.org/web/20260203181815/https://repression.info/ru
ovd:a:280,ст. 280 УК: призывы к экстремизму,Art. 280: calls for extremism,2026-03-01,85,https://web.archive.org/web/20260301185403/https://repression.info/ru
ovd:a:280,ст. 280 УК: призывы к экстремизму,Art. 280: calls for extremism,2026-10-07,86,https://repression.info/ru
ovd:a:281,ст. 281 УК: саботаж,Art. 281: саботаж,2025-07-02,1,https://web.archive.org/web/20250702125146/https://repression.info/ru
ovd:a:281,ст. 281 УК: саботаж,Art. 281: саботаж,2025-08-02,1,https://web.archive.org/web/20250802121551/https://repression.info/ru
ovd:a:281,ст. 281 УК: саботаж,Art. 281: саботаж,2025-09-04,1,https://web.archive.org/web/20250904084422/https://repression.info/ru
ovd:a:281,ст. 281 УК: саботаж,Art. 281: саботаж,2025-10-01,1,https://web.archive.org/web/20251001160925/https://repression.info/ru
ovd:a:281,ст. 281 УК: саботаж,Art. 281: саботаж,2025-11-12,1,https://web.archive.org/web/20251112231921/https://repression.info/ru
ovd:a:281,ст. 281 УК: саботаж,Art. 281: саботаж,2025-12-01,1,https://web.archive.org/web/20251201093118/https://repression.info/ru
ovd:a:281,ст. 281 УК: саботаж,Art. 281: саботаж,2026-01-07,1,https://web.archive.org/web/20260107083935/https://repression.info/ru
ovd:a:281,ст. 281 УК: саботаж,Art. 281: саботаж,2026-02-03,1,https://web.archive.org/web/20260203181815/https://repression.info/ru
ovd:a:281,ст. 281 УК: саботаж,Art. 281: саботаж,2026-03-01,1,https://web.archive.org/web/20260301185403/https://repression.info/ru
ovd:a:281,ст. 281 УК: саботаж,Art. 281: саботаж,2026-10-07,1,https://repression.info/ru
ovd:a:282,ст. 282 УК: возбуждение ненависти,Art. 282: inciting hatred,2025-07-02,22,https://web.archive.org/web/20250702125146/https://repression.info/ru
ovd:a:282,ст. 282 УК: возбуждение ненависти,Art. 282: inciting hatred,2025-08-02,26,https://web.archive.org/web/20250802121551/https://repression.info/ru
ovd:a:282,ст. 282 УК: возбуждение ненависти,Art. 282: inciting hatred,2025-09-04,27,https://web.archive.org/web/20250904084422/https://repression.info/ru
ovd:a:282,ст. 282 УК: возбуждение ненависти,Art. 282: inciting hatred,2025-10-01,27,https://web.archive.org/web/20251001160925/https://repression.info/ru
ovd:a:282,ст. 282 УК: возбуждение ненависти,Art. 282: inciting hatred,2025-11-12,24,https://web.archive.org/web/20251112231921/https://repression.info/ru
ovd:a:282,ст. 282 УК: возбуждение ненависти,Art. 282: inciting hatred,2025-12-01,24,https://web.archive.org/web/20251201093118/https://repression.info/ru
ovd:a:282,ст. 282 УК: возбуждение ненависти,Art. 282: inciting hatred,2026-01-07,24,https://web.archive.org/web/20260107083935/https://repression.info/ru
ovd:a:282,ст. 282 УК: возбуждение ненависти,Art. 282: inciting hatred,2026-02-03,24,https://web.archive.org/web/20260203181815/https://repression.info/ru
ovd:a:282,ст. 282 УК: возбуждение ненависти,Art. 282: inciting hatred,2026-03-01,23,https://web.archive.org/web/20260301185403/https://repression.info/ru
ovd:a:282,ст. 282 УК: возбуждение ненависти,Art. 282: inciting hatred,2026-10-07,25,https://repression.info/ru
ovd:a:297,ст. 297 УК: неуважение к суду,Art. 297: неуважение к суду,2025-07-02,2,https://web.archive.org/web/20250702125146/https://repression.info/ru
ovd:a:297,ст. 297 УК: неуважение к суду,Art. 297: неуважение к суду,2025-08-02,2,https://web.archive.org/web/20250802121551/https://repression.info/ru
ovd:a:297,ст. 297 УК: неуважение к суду,Art. 297: неуважение к суду,2025-09-04,2,https://web.archive.org/web/20250904084422/https://repression.info/ru
ovd:a:297,ст. 297 УК: неуважение к суду,Art. 297: неуважение к суду,2025-10-01,2,https://web.archive.org/web/20251001160925/https://repression.info/ru
ovd:a:297,ст. 297 УК: неуважение к суду,Art. 297: неуважение к суду,2025-11-12,2,https://web.archive.org/web/20251112231921/https://repression.info/ru
ovd:a:297,ст. 297 УК: неуважение к суду,Art. 297: неуважение к суду,2025-12-01,2,https://web.archive.org/web/20251201093118/https://repression.info/ru
ovd:a:297,ст. 297 УК: неуважение к суду,Art. 297: неуважение к суду,2026-01-07,2,https://web.archive.org/web/20260107083935/https://repression.info/ru
ovd:a:297,ст. 297 УК: неуважение к суду,Art. 297: неуважение к суду,2026-02-03,2,https://web.archive.org/web/20260203181815/https://repression.info/ru
ovd:a:297,ст. 297 УК: неуважение к суду,Art. 297: неуважение к суду,2026-03-01,2,https://web.archive.org/web/20260301185403/https://repression.info/ru
ovd:a:297,ст. 297 УК: неуважение к суду,Art. 297: неуважение к суду,2026-10-07,2,https://repression.info/ru
ovd:a:318,ст. 318 УК: насилие к представителю власти,Art. 318: violence against an official,2025-07-02,24,https://web.archive.org/web/20250702125146/https://repression.info/ru
ovd:a:318,ст. 318 УК: насилие к представителю власти,Art. 318: violence against an official,2025-08-02,24,https://web.archive.org/web/20250802121551/https://repression.info/ru
ovd:a:318,ст. 318 УК: насилие к представителю власти,Art. 318: violence against an official,2025-09-04,24,https://web.archive.org/web/20250904084422/https://repression.info/ru
ovd:a:318,ст. 318 УК: насилие к представителю власти,Art. 318: violence against an official,2025-10-01,24,https://web.archive.org/web/20251001160925/https://repression.info/ru
ovd:a:318,ст. 318 УК: насилие к представителю власти,Art. 318: violence against an official,2025-11-12,24,https://web.archive.org/web/20251112231921/https://repression.info/ru
ovd:a:318,ст. 318 УК: насилие к представителю власти,Art. 318: violence against an official,2025-12-01,24,https://web.archive.org/web/20251201093118/https://repression.info/ru
ovd:a:318,ст. 318 УК: насилие к представителю власти,Art. 318: violence against an official,2026-01-07,24,https://web.archive.org/web/20260107083935/https://repression.info/ru
ovd:a:318,ст. 318 УК: насилие к представителю власти,Art. 318: violence against an official,2026-02-03,24,https://web.archive.org/web/20260203181815/https://repression.info/ru
ovd:a:318,ст. 318 УК: насилие к представителю власти,Art. 318: violence against an official,2026-03-01,24,https://web.archive.org/web/20260301185403/https://repression.info/ru
ovd:a:318,ст. 318 УК: насилие к представителю власти,Art. 318: violence against an official,2026-10-07,24,https://repression.info/ru
ovd:a:319,ст. 319 УК: оскорбление представителя власти,Art. 319: оскорбление представителя власти,2025-07-02,5,https://web.archive.org/web/20250702125146/https://repression.info/ru
ovd:a:319,ст. 319 УК: оскорбление представителя власти,Art. 319: оскорбление представителя власти,2025-08-02,5,https://web.archive.org/web/20250802121551/https://repression.info/ru
ovd:a:319,ст. 319 УК: оскорбление представителя власти,Art. 319: оскорбление представителя власти,2025-09-04,5,https://web.archive.org/web/20250904084422/https://repression.info/ru
ovd:a:319,ст. 319 УК: оскорбление представителя власти,Art. 319: оскорбление представителя власти,2025-10-01,5,https://web.archive.org/web/20251001160925/https://repression.info/ru
ovd:a:319,ст. 319 УК: оскорбление представителя власти,Art. 319: оскорбление представителя власти,2025-11-12,5,https://web.archive.org/web/20251112231921/https://repression.info/ru
ovd:a:319,ст. 319 УК: оскорбление представителя власти,Art. 319: оскорбление представителя власти,2025-12-01,6,https://web.archive.org/web/20251201093118/https://repression.info/ru
ovd:a:319,ст. 319 УК: оскорбление представителя власти,Art. 319: оскорбление представителя власти,2026-01-07,6,https://web.archive.org/web/20260107083935/https://repression.info/ru
ovd:a:319,ст. 319 УК: оскорбление представителя власти,Art. 319: оскорбление представителя власти,2026-02-03,7,https://web.archive.org/web/20260203181815/https://repression.info/ru
ovd:a:319,ст. 319 УК: оскорбление представителя власти,Art. 319: оскорбление представителя власти,2026-03-01,7,https://web.archive.org/web/20260301185403/https://repression.info/ru
ovd:a:319,ст. 319 УК: оскорбление представителя власти,Art. 319: оскорбление представителя власти,2026-10-07,7,https://repression.info/ru
ovd:a:321,"ст. 321 УК: дезорганизация деятельности учреждений, обеспечивающих изоля","Art. 321: дезорганизация деятельности учреждений, обеспечивающих изоля",2026-10-07,1,https://repression.info/ru
ovd:a:322,ст. 322 УК: незаконное пересечение государственной границы,Art. 322: незаконное пересечение государственной границы,2025-07-02,2,https://web.archive.org/web/20250702125146/https://repression.info/ru
ovd:a:322,ст. 322 УК: незаконное пересечение государственной границы,Art. 322: незаконное пересечение государственной границы,2025-08-02,2,https://web.archive.org/web/20250802121551/https://repression.info/ru
ovd:a:322,ст. 322 УК: незаконное пересечение государственной границы,Art. 322: незаконное пересечение государственной границы,2025-09-04,2,https://web.archive.org/web/20250904084422/https://repression.info/ru
ovd:a:322,ст. 322 УК: незаконное пересечение государственной границы,Art. 322: незаконное пересечение государственной границы,2025-10-01,2,https://web.archive.org/web/20251001160925/https://repression.info/ru
ovd:a:322,ст. 322 УК: незаконное пересечение государственной границы,Art. 322: незаконное пересечение государственной границы,2025-11-12,2,https://web.archive.org/web/20251112231921/https://repression.info/ru
ovd:a:322,ст. 322 УК: незаконное пересечение государственной границы,Art. 322: незаконное пересечение государственной границы,2025-12-01,2,https://web.archive.org/web/20251201093118/https://repression.info/ru
ovd:a:322,ст. 322 УК: незаконное пересечение государственной границы,Art. 322: незаконное пересечение государственной границы,2026-01-07,2,https://web.archive.org/web/20260107083935/https://repression.info/ru
ovd:a:322,ст. 322 УК: незаконное пересечение государственной границы,Art. 322: незаконное пересечение государственной границы,2026-02-03,2,https://web.archive.org/web/20260203181815/https://repression.info/ru
ovd:a:322,ст. 322 УК: незаконное пересечение государственной границы,Art. 322: незаконное пересечение государственной границы,2026-03-01,2,https://web.archive.org/web/20260301185403/https://repression.info/ru
ovd:a:322,ст. 322 УК: незаконное пересечение государственной границы,Art. 322: незаконное пересечение государственной границы,2026-10-07,2,https://repression.info/ru
ovd:a:328,ст. 328 УК: уклонение от прохождения военной или альтернативной гражданс,Art. 328: уклонение от прохождения военной или альтернативной гражданс,2025-07-02,2,https://web.archive.org/web/20250702125146/https://repression.info/ru
ovd:a:328,ст. 328 УК: уклонение от прохождения военной или альтернативной гражданс,Art. 328: уклонение от прохождения военной или альтернативной гражданс,2025-08-02,2,https://web.archive.org/web/20250802121551/https://repression.info/ru
ovd:a:328,ст. 328 УК: уклонение от прохождения военной или альтернативной гражданс,Art. 328: уклонение от прохождения военной или альтернативной гражданс,2025-09-04,2,https://web.archive.org/web/20250904084422/https://repression.info/ru
ovd:a:328,ст. 328 УК: уклонение от прохождения военной или альтернативной гражданс,Art. 328: уклонение от прохождения военной или альтернативной гражданс,2025-10-01,2,https://web.archive.org/web/20251001160925/https://repression.info/ru
ovd:a:328,ст. 328 УК: уклонение от прохождения военной или альтернативной гражданс,Art. 328: уклонение от прохождения военной или альтернативной гражданс,2025-11-12,2,https://web.archive.org/web/20251112231921/https://repression.info/ru
ovd:a:328,ст. 328 УК: уклонение от прохождения военной или альтернативной гражданс,Art. 328: уклонение от прохождения военной или альтернативной гражданс,2025-12-01,2,https://web.archive.org/web/20251201093118/https://repression.info/ru
ovd:a:328,ст. 328 УК: уклонение от прохождения военной или альтернативной гражданс,Art. 328: уклонение от прохождения военной или альтернативной гражданс,2026-01-07,2,https://web.archive.org/web/20260107083935/https://repression.info/ru
ovd:a:328,ст. 328 УК: уклонение от прохождения военной или альтернативной гражданс,Art. 328: уклонение от прохождения военной или альтернативной гражданс,2026-02-03,2,https://web.archive.org/web/20260203181815/https://repression.info/ru
ovd:a:328,ст. 328 УК: уклонение от прохождения военной или альтернативной гражданс,Art. 328: уклонение от прохождения военной или альтернативной гражданс,2026-03-01,2,https://web.archive.org/web/20260301185403/https://repression.info/ru
ovd:a:328,ст. 328 УК: уклонение от прохождения военной или альтернативной гражданс,Art. 328: уклонение от прохождения военной или альтернативной гражданс,2026-10-07,2,https://repression.info/ru
ovd:a:329,ст. 329 УК: надругательство над гербом или флагом,Art. 329: desecrating the coat of arms or flag,2025-07-02,13,https://web.archive.org/web/20250702125146/https://repression.info/ru
ovd:a:329,ст. 329 УК: надругательство над гербом или флагом,Art. 329: desecrating the coat of arms or flag,2025-08-02,12,https://web.archive.org/web/20250802121551/https://repression.info/ru
ovd:a:329,ст. 329 УК: надругательство над гербом или флагом,Art. 329: desecrating the coat of arms or flag,2025-09-04,12,https://web.archive.org/web/20250904084422/https://repression.info/ru
ovd:a:329,ст. 329 УК: надругательство над гербом или флагом,Art. 329: desecrating the coat of arms or flag,2025-10-01,12,https://web.archive.org/web/20251001160925/https://repression.info/ru
ovd:a:329,ст. 329 УК: надругательство над гербом или флагом,Art. 329: desecrating the coat of arms or flag,2025-11-12,12,https://web.archive.org/web/20251112231921/https://repression.info/ru
ovd:a:329,ст. 329 УК: надругательство над гербом или флагом,Art. 329: desecrating the coat of arms or flag,2025-12-01,12,https://web.archive.org/web/20251201093118/https://repression.info/ru
ovd:a:329,ст. 329 УК: надругательство над гербом или флагом,Art. 329: desecrating the coat of arms or flag,2026-01-07,12,https://web.archive.org/web/20260107083935/https://repression.info/ru
ovd:a:329,ст. 329 УК: надругательство над гербом или флагом,Art. 329: desecrating the coat of arms or flag,2026-02-03,12,https://web.archive.org/web/20260203181815/https://repression.info/ru
ovd:a:329,ст. 329 УК: надругательство над гербом или флагом,Art. 329: desecrating the coat of arms or flag,2026-03-01,12,https://web.archive.org/web/20260301185403/https://repression.info/ru
ovd:a:329,ст. 329 УК: надругательство над гербом или флагом,Art. 329: desecrating the coat of arms or flag,2026-10-07,12,https://repression.info/ru
ovd:a:332,ст. 332 УК: неисполнение приказа,Art. 332: refusing an order,2025-07-02,10,https://web.archive.org/web/20250702125146/https://repression.info/ru
ovd:a:332,ст. 332 УК: неисполнение приказа,Art. 332: refusing an order,2025-08-02,10,https://web.archive.org/web/20250802121551/https://repression.info/ru
ovd:a:332,ст. 332 УК: неисполнение приказа,Art. 332: refusing an order,2025-09-04,10,https://web.archive.org/web/20250904084422/https://repression.info/ru
ovd:a:332,ст. 332 УК: неисполнение приказа,Art. 332: refusing an order,2025-10-01,10,https://web.archive.org/web/20251001160925/https://repression.info/ru
ovd:a:332,ст. 332 УК: неисполнение приказа,Art. 332: refusing an order,2025-11-12,10,https://web.archive.org/web/20251112231921/https://repression.info/ru
ovd:a:332,ст. 332 УК: неисполнение приказа,Art. 332: refusing an order,2025-12-01,10,https://web.archive.org/web/20251201093118/https://repression.info/ru
ovd:a:332,ст. 332 УК: неисполнение приказа,Art. 332: refusing an order,2026-01-07,10,https://web.archive.org/web/20260107083935/https://repression.info/ru
ovd:a:332,ст. 332 УК: неисполнение приказа,Art. 332: refusing an order,2026-02-03,10,https://web.archive.org/web/20260203181815/https://repression.info/ru
ovd:a:332,ст. 332 УК: неисполнение приказа,Art. 332: refusing an order,2026-03-01,10,https://web.archive.org/web/20260301185403/https://repression.info/ru
ovd:a:332,ст. 332 УК: неисполнение приказа,Art. 332: refusing an order,2026-10-07,10,https://repression.info/ru
ovd:a:337,ст. 337 УК: самовольное оставление воинской части или места прохождения,Art. 337: самовольное оставление воинской части или места прохождения,2025-07-02,8,https://web.archive.org/web/20250702125146/https://repression.info/ru
ovd:a:337,ст. 337 УК: самовольное оставление воинской части или места прохождения,Art. 337: самовольное оставление воинской части или места прохождения,2025-08-02,8,https://web.archive.org/web/20250802121551/https://repression.info/ru
ovd:a:337,ст. 337 УК: самовольное оставление воинской части или места прохождения,Art. 337: самовольное оставление воинской части или места прохождения,2025-09-04,8,https://web.archive.org/web/20250904084422/https://repression.info/ru
ovd:a:337,ст. 337 УК: самовольное оставление воинской части или места прохождения,Art. 337: самовольное оставление воинской части или места прохождения,2025-10-01,8,https://web.archive.org/web/20251001160925/https://repression.info/ru
ovd:a:337,ст. 337 УК: самовольное оставление воинской части или места прохождения,Art. 337: самовольное оставление воинской части или места прохождения,2025-11-12,8,https://web.archive.org/web/20251112231921/https://repression.info/ru
ovd:a:337,ст. 337 УК: самовольное оставление воинской части или места прохождения,Art. 337: самовольное оставление воинской части или места прохождения,2025-12-01,8,https://web.archive.org/web/20251201093118/https://repression.info/ru
ovd:a:337,ст. 337 УК: самовольное оставление воинской части или места прохождения,Art. 337: самовольное оставление воинской части или места прохождения,2026-01-07,8,https://web.archive.org/web/20260107083935/https://repression.info/ru
ovd:a:337,ст. 337 УК: самовольное оставление воинской части или места прохождения,Art. 337: самовольное оставление воинской части или места прохождения,2026-02-03,8,https://web.archive.org/web/20260203181815/https://repression.info/ru
ovd:a:337,ст. 337 УК: самовольное оставление воинской части или места прохождения,Art. 337: самовольное оставление воинской части или места прохождения,2026-03-01,8,https://web.archive.org/web/20260301185403/https://repression.info/ru
ovd:a:337,ст. 337 УК: самовольное оставление воинской части или места прохождения,Art. 337: самовольное оставление воинской части или места прохождения,2026-10-07,8,https://repression.info/ru
ovd:a:338,ст. 338 УК: дезертирство,Art. 338: дезертирство,2025-07-02,6,https://web.archive.org/web/20250702125146/https://repression.info/ru
ovd:a:338,ст. 338 УК: дезертирство,Art. 338: дезертирство,2025-08-02,6,https://web.archive.org/web/20250802121551/https://repression.info/ru
ovd:a:338,ст. 338 УК: дезертирство,Art. 338: дезертирство,2025-09-04,6,https://web.archive.org/web/20250904084422/https://repression.info/ru
ovd:a:338,ст. 338 УК: дезертирство,Art. 338: дезертирство,2025-10-01,6,https://web.archive.org/web/20251001160925/https://repression.info/ru
ovd:a:338,ст. 338 УК: дезертирство,Art. 338: дезертирство,2025-11-12,6,https://web.archive.org/web/20251112231921/https://repression.info/ru
ovd:a:338,ст. 338 УК: дезертирство,Art. 338: дезертирство,2025-12-01,6,https://web.archive.org/web/20251201093118/https://repression.info/ru
ovd:a:338,ст. 338 УК: дезертирство,Art. 338: дезертирство,2026-01-07,6,https://web.archive.org/web/20260107083935/https://repression.info/ru
ovd:a:338,ст. 338 УК: дезертирство,Art. 338: дезертирство,2026-02-03,7,https://web.archive.org/web/20260203181815/https://repression.info/ru
ovd:a:338,ст. 338 УК: дезертирство,Art. 338: дезертирство,2026-03-01,7,https://web.archive.org/web/20260301185403/https://repression.info/ru
ovd:a:338,ст. 338 УК: дезертирство,Art. 338: дезертирство,2026-10-07,7,https://repression.info/ru
ovd:a:280.3,ст. 280.3 УК: «дискредитация» армии,Art. 280.3: “discrediting” the army,2025-07-02,249,https://web.archive.org/web/20250702125146/https://repression.info/ru
ovd:a:280.3,ст. 280.3 УК: «дискредитация» армии,Art. 280.3: “discrediting” the army,2025-08-02,252,https://web.archive.org/web/20250802121551/https://repression.info/ru
ovd:a:280.3,ст. 280.3 УК: «дискредитация» армии,Art. 280.3: “discrediting” the army,2025-09-04,256,https://web.archive.org/web/20250904084422/https://repression.info/ru
ovd:a:280.3,ст. 280.3 УК: «дискредитация» армии,Art. 280.3: “discrediting” the army,2025-10-01,256,https://web.archive.org/web/20251001160925/https://repression.info/ru
ovd:a:280.3,ст. 280.3 УК: «дискредитация» армии,Art. 280.3: “discrediting” the army,2025-11-12,262,https://web.archive.org/web/20251112231921/https://repression.info/ru
ovd:a:280.3,ст. 280.3 УК: «дискредитация» армии,Art. 280.3: “discrediting” the army,2025-12-01,262,https://web.archive.org/web/20251201093118/https://repression.info/ru
ovd:a:280.3,ст. 280.3 УК: «дискредитация» армии,Art. 280.3: “discrediting” the army,2026-01-07,265,https://web.archive.org/web/20260107083935/https://repression.info/ru
ovd:a:280.3,ст. 280.3 УК: «дискредитация» армии,Art. 280.3: “discrediting” the army,2026-02-03,266,https://web.archive.org/web/20260203181815/https://repression.info/ru
ovd:a:280.3,ст. 280.3 УК: «дискредитация» армии,Art. 280.3: “discrediting” the army,2026-03-01,268,https://web.archive.org/web/20260301185403/https://repression.info/ru
ovd:a:280.3,ст. 280.3 УК: «дискредитация» армии,Art. 280.3: “discrediting” the army,2026-10-07,276,https://repression.info/ru
ovd:a:205.2,ст. 205.2 УК: оправдание терроризма,Art. 205.2: justifying terrorism,2025-07-02,243,https://web.archive.org/web/20250702125146/https://repression.info/ru
ovd:a:205.2,ст. 205.2 УК: оправдание терроризма,Art. 205.2: justifying terrorism,2025-08-02,250,https://web.archive.org/web/20250802121551/https://repression.info/ru
ovd:a:205.2,ст. 205.2 УК: оправдание терроризма,Art. 205.2: justifying terrorism,2025-09-04,270,https://web.archive.org/web/20250904084422/https://repression.info/ru
ovd:a:205.2,ст. 205.2 УК: оправдание терроризма,Art. 205.2: justifying terrorism,2025-10-01,274,https://web.archive.org/web/20251001160925/https://repression.info/ru
ovd:a:205.2,ст. 205.2 УК: оправдание терроризма,Art. 205.2: justifying terrorism,2025-11-12,279,https://web.archive.org/web/20251112231921/https://repression.info/ru
ovd:a:205.2,ст. 205.2 УК: оправдание терроризма,Art. 205.2: justifying terrorism,2025-12-01,289,https://web.archive.org/web/20251201093118/https://repression.info/ru
ovd:a:205.2,ст. 205.2 УК: оправдание терроризма,Art. 205.2: justifying terrorism,2026-01-07,294,https://web.archive.org/web/20260107083935/https://repression.info/ru
ovd:a:205.2,ст. 205.2 УК: оправдание терроризма,Art. 205.2: justifying terrorism,2026-02-03,304,https://web.archive.org/web/20260203181815/https://repression.info/ru
ovd:a:205.2,ст. 205.2 УК: оправдание терроризма,Art. 205.2: justifying terrorism,2026-03-01,306,https://web.archive.org/web/20260301185403/https://repression.info/ru
ovd:a:205.2,ст. 205.2 УК: оправдание терроризма,Art. 205.2: justifying terrorism,2026-10-07,324,https://repression.info/ru
ovd:a:280.4,ст. 280.4 УК: призывы против госбезопасности,Art. 280.4: calls against state security,2025-07-02,42,https://web.archive.org/web/20250702125146/https://repression.info/ru
ovd:a:280.4,ст. 280.4 УК: призывы против госбезопасности,Art. 280.4: calls against state security,2025-08-02,42,https://web.archive.org/web/20250802121551/https://repression.info/ru
ovd:a:280.4,ст. 280.4 УК: призывы против госбезопасности,Art. 280.4: calls against state security,2025-09-04,42,https://web.archive.org/web/20250904084422/https://repression.info/ru
ovd:a:280.4,ст. 280.4 УК: призывы против госбезопасности,Art. 280.4: calls against state security,2025-10-01,42,https://web.archive.org/web/20251001160925/https://repression.info/ru
ovd:a:280.4,ст. 280.4 УК: призывы против госбезопасности,Art. 280.4: calls against state security,2025-11-12,43,https://web.archive.org/web/20251112231921/https://repression.info/ru
ovd:a:280.4,ст. 280.4 УК: призывы против госбезопасности,Art. 280.4: calls against state security,2025-12-01,44,https://web.archive.org/web/20251201093118/https://repression.info/ru
ovd:a:280.4,ст. 280.4 УК: призывы против госбезопасности,Art. 280.4: calls against state security,2026-01-07,45,https://web.archive.org/web/20260107083935/https://repression.info/ru
ovd:a:280.4,ст. 280.4 УК: призывы против госбезопасности,Art. 280.4: calls against state security,2026-02-03,45,https://web.archive.org/web/20260203181815/https://repression.info/ru
ovd:a:280.4,ст. 280.4 УК: призывы против госбезопасности,Art. 280.4: calls against state security,2026-03-01,46,https://web.archive.org/web/20260301185403/https://repression.info/ru
ovd:a:280.4,ст. 280.4 УК: призывы против госбезопасности,Art. 280.4: calls against state security,2026-10-07,51,https://repression.info/ru
ovd:a:205.5,ст. 205.5 УК: организация деятельности террористической организации и учас,Art. 205.5: организация деятельности террористической организации и учас,2025-07-02,6,https://web.archive.org/web/20250702125146/https://repression.info/ru
ovd:a:205.5,ст. 205.5 УК: организация деятельности террористической организации и учас,Art. 205.5: организация деятельности террористической организации и учас,2025-08-02,6,https://web.archive.org/web/20250802121551/https://repression.info/ru
ovd:a:205.5,ст. 205.5 УК: организация деятельности террористической организации и учас,Art. 205.5: организация деятельности террористической организации и учас,2025-09-04,6,https://web.archive.org/web/20250904084422/https://repression.info/ru
ovd:a:205.5,ст. 205.5 УК: организация деятельности террористической организации и учас,Art. 205.5: организация деятельности террористической организации и учас,2025-10-01,6,https://web.archive.org/web/20251001160925/https://repression.info/ru
ovd:a:205.5,ст. 205.5 УК: организация деятельности террористической организации и учас,Art. 205.5: организация деятельности террористической организации и учас,2025-11-12,7,https://web.archive.org/web/20251112231921/https://repression.info/ru
ovd:a:205.5,ст. 205.5 УК: организация деятельности террористической организации и учас,Art. 205.5: организация деятельности террористической организации и учас,2025-12-01,7,https://web.archive.org/web/20251201093118/https://repression.info/ru
ovd:a:205.5,ст. 205.5 УК: организация деятельности террористической организации и учас,Art. 205.5: организация деятельности террористической организации и учас,2026-01-07,7,https://web.archive.org/web/20260107083935/https://repression.info/ru
ovd:a:205.5,ст. 205.5 УК: организация деятельности террористической организации и учас,Art. 205.5: организация деятельности террористической организации и учас,2026-02-03,7,https://web.archive.org/web/20260203181815/https://repression.info/ru
ovd:a:205.5,ст. 205.5 УК: организация деятельности террористической организации и учас,Art. 205.5: организация деятельности террористической организации и учас,2026-03-01,7,https://web.archive.org/web/20260301185403/https://repression.info/ru
ovd:a:205.5,ст. 205.5 УК: организация деятельности террористической организации и учас,Art. 205.5: организация деятельности террористической организации и учас,2026-10-07,8,https://repression.info/ru
ovd:a:205.1,ст. 205.1 УК: содействие терроризму,Art. 205.1: assisting terrorism,2025-07-02,9,https://web.archive.org/web/20250702125146/https://repression.info/ru
ovd:a:205.1,ст. 205.1 УК: содействие терроризму,Art. 205.1: assisting terrorism,2025-08-02,9,https://web.archive.org/web/20250802121551/https://repression.info/ru
ovd:a:205.1,ст. 205.1 УК: содействие терроризму,Art. 205.1: assisting terrorism,2025-09-04,9,https://web.archive.org/web/20250904084422/https://repression.info/ru
ovd:a:205.1,ст. 205.1 УК: содействие терроризму,Art. 205.1: assisting terrorism,2025-10-01,9,https://web.archive.org/web/20251001160925/https://repression.info/ru
ovd:a:205.1,ст. 205.1 УК: содействие терроризму,Art. 205.1: assisting terrorism,2025-11-12,9,https://web.archive.org/web/20251112231921/https://repression.info/ru
ovd:a:205.1,ст. 205.1 УК: содействие терроризму,Art. 205.1: assisting terrorism,2025-12-01,9,https://web.archive.org/web/20251201093118/https://repression.info/ru
ovd:a:205.1,ст. 205.1 УК: содействие терроризму,Art. 205.1: assisting terrorism,2026-01-07,9,https://web.archive.org/web/20260107083935/https://repression.info/ru
ovd:a:205.1,ст. 205.1 УК: содействие терроризму,Art. 205.1: assisting terrorism,2026-02-03,9,https://web.archive.org/web/20260203181815/https://repression.info/ru
ovd:a:205.1,ст. 205.1 УК: содействие терроризму,Art. 205.1: assisting terrorism,2026-03-01,9,https://web.archive.org/web/20260301185403/https://repression.info/ru
ovd:a:205.1,ст. 205.1 УК: содействие терроризму,Art. 205.1: assisting terrorism,2026-10-07,9,https://repression.info/ru
ovd:a:282.4,ст. 282.4 УК: неоднократные пропаганда либо публичное демонстрирование нац,Art. 282.4: неоднократные пропаганда либо публичное демонстрирование нац,2025-07-02,3,https://web.archive.org/web/20250702125146/https://repression.info/ru
ovd:a:282.4,ст. 282.4 УК: неоднократные пропаганда либо публичное демонстрирование нац,Art. 282.4: неоднократные пропаганда либо публичное демонстрирование нац,2025-08-02,6,https://web.archive.org/web/20250802121551/https://repression.info/ru
ovd:a:282.4,ст. 282.4 УК: неоднократные пропаганда либо публичное демонстрирование нац,Art. 282.4: неоднократные пропаганда либо публичное демонстрирование нац,2025-09-04,6,https://web.archive.org/web/20250904084422/https://repression.info/ru
ovd:a:282.4,ст. 282.4 УК: неоднократные пропаганда либо публичное демонстрирование нац,Art. 282.4: неоднократные пропаганда либо публичное демонстрирование нац,2025-10-01,7,https://web.archive.org/web/20251001160925/https://repression.info/ru
ovd:a:282.4,ст. 282.4 УК: неоднократные пропаганда либо публичное демонстрирование нац,Art. 282.4: неоднократные пропаганда либо публичное демонстрирование нац,2025-11-12,6,https://web.archive.org/web/20251112231921/https://repression.info/ru
ovd:a:282.4,ст. 282.4 УК: неоднократные пропаганда либо публичное демонстрирование нац,Art. 282.4: неоднократные пропаганда либо публичное демонстрирование нац,2025-12-01,6,https://web.archive.org/web/20251201093118/https://repression.info/ru
ovd:a:282.4,ст. 282.4 УК: неоднократные пропаганда либо публичное демонстрирование нац,Art. 282.4: неоднократные пропаганда либо публичное демонстрирование нац,2026-01-07,7,https://web.archive.org/web/20260107083935/https://repression.info/ru
ovd:a:282.4,ст. 282.4 УК: неоднократные пропаганда либо публичное демонстрирование нац,Art. 282.4: неоднократные пропаганда либо публичное демонстрирование нац,2026-02-03,7,https://web.archive.org/web/20260203181815/https://repression.info/ru
ovd:a:282.4,ст. 282.4 УК: неоднократные пропаганда либо публичное демонстрирование нац,Art. 282.4: неоднократные пропаганда либо публичное демонстрирование нац,2026-03-01,7,https://web.archive.org/web/20260301185403/https://repression.info/ru
ovd:a:282.4,ст. 282.4 УК: неоднократные пропаганда либо публичное демонстрирование нац,Art. 282.4: неоднократные пропаганда либо публичное демонстрирование нац,2026-10-07,7,https://repression.info/ru
ovd:a:354.1,ст. 354.1 УК: «реабилитация нацизма»,Art. 354.1: “rehabilitating Nazism”,2025-07-02,49,https://web.archive.org/web/20250702125146/https://repression.info/ru
ovd:a:354.1,ст. 354.1 УК: «реабилитация нацизма»,Art. 354.1: “rehabilitating Nazism”,2025-08-02,51,https://web.archive.org/web/20250802121551/https://repression.info/ru
ovd:a:354.1,ст. 354.1 УК: «реабилитация нацизма»,Art. 354.1: “rehabilitating Nazism”,2025-09-04,52,https://web.archive.org/web/20250904084422/https://repression.info/ru
ovd:a:354.1,ст. 354.1 УК: «реабилитация нацизма»,Art. 354.1: “rehabilitating Nazism”,2025-10-01,53,https://web.archive.org/web/20251001160925/https://repression.info/ru
ovd:a:354.1,ст. 354.1 УК: «реабилитация нацизма»,Art. 354.1: “rehabilitating Nazism”,2025-11-12,53,https://web.archive.org/web/20251112231921/https://repression.info/ru
ovd:a:354.1,ст. 354.1 УК: «реабилитация нацизма»,Art. 354.1: “rehabilitating Nazism”,2025-12-01,54,https://web.archive.org/web/20251201093118/https://repression.info/ru
ovd:a:354.1,ст. 354.1 УК: «реабилитация нацизма»,Art. 354.1: “rehabilitating Nazism”,2026-01-07,57,https://web.archive.org/web/20260107083935/https://repression.info/ru
ovd:a:354.1,ст. 354.1 УК: «реабилитация нацизма»,Art. 354.1: “rehabilitating Nazism”,2026-02-03,57,https://web.archive.org/web/20260203181815/https://repression.info/ru
ovd:a:354.1,ст. 354.1 УК: «реабилитация нацизма»,Art. 354.1: “rehabilitating Nazism”,2026-03-01,57,https://web.archive.org/web/20260301185403/https://repression.info/ru
ovd:a:354.1,ст. 354.1 УК: «реабилитация нацизма»,Art. 354.1: “rehabilitating Nazism”,2026-10-07,62,https://repression.info/ru
ovd:a:207.3,ст. 207.3 УК: военные «фейки»,Art. 207.3: military “fakes”,2025-07-02,389,https://web.archive.org/web/20250702125146/https://repression.info/ru
ovd:a:207.3,ст. 207.3 УК: военные «фейки»,Art. 207.3: military “fakes”,2025-08-02,398,https://web.archive.org/web/20250802121551/https://repression.info/ru
ovd:a:207.3,ст. 207.3 УК: военные «фейки»,Art. 207.3: military “fakes”,2025-09-04,411,https://web.archive.org/web/20250904084422/https://repression.info/ru
ovd:a:207.3,ст. 207.3 УК: военные «фейки»,Art. 207.3: military “fakes”,2025-10-01,424,https://web.archive.org/web/20251001160925/https://repression.info/ru
ovd:a:207.3,ст. 207.3 УК: военные «фейки»,Art. 207.3: military “fakes”,2025-11-12,438,https://web.archive.org/web/20251112231921/https://repression.info/ru
ovd:a:207.3,ст. 207.3 УК: военные «фейки»,Art. 207.3: military “fakes”,2025-12-01,446,https://web.archive.org/web/20251201093118/https://repression.info/ru
ovd:a:207.3,ст. 207.3 УК: военные «фейки»,Art. 207.3: military “fakes”,2026-01-07,454,https://web.archive.org/web/20260107083935/https://repression.info/ru
ovd:a:207.3,ст. 207.3 УК: военные «фейки»,Art. 207.3: military “fakes”,2026-02-03,456,https://web.archive.org/web/20260203181815/https://repression.info/ru
ovd:a:207.3,ст. 207.3 УК: военные «фейки»,Art. 207.3: military “fakes”,2026-03-01,460,https://web.archive.org/web/20260301185403/https://repression.info/ru
ovd:a:207.3,ст. 207.3 УК: военные «фейки»,Art. 207.3: military “fakes”,2026-10-07,491,https://repression.info/ru
ovd:a:222.1,ст. 222.1 УК: незаконный оборот взрывчатых веществ,Art. 222.1: незаконный оборот взрывчатых веществ,2025-07-02,7,https://web.archive.org/web/20250702125146/https://repression.info/ru
ovd:a:222.1,ст. 222.1 УК: незаконный оборот взрывчатых веществ,Art. 222.1: незаконный оборот взрывчатых веществ,2025-08-02,7,https://web.archive.org/web/20250802121551/https://repression.info/ru
ovd:a:222.1,ст. 222.1 УК: незаконный оборот взрывчатых веществ,Art. 222.1: незаконный оборот взрывчатых веществ,2025-09-04,7,https://web.archive.org/web/20250904084422/https://repression.info/ru
ovd:a:222.1,ст. 222.1 УК: незаконный оборот взрывчатых веществ,Art. 222.1: незаконный оборот взрывчатых веществ,2025-10-01,7,https://web.archive.org/web/20251001160925/https://repression.info/ru
ovd:a:222.1,ст. 222.1 УК: незаконный оборот взрывчатых веществ,Art. 222.1: незаконный оборот взрывчатых веществ,2025-11-12,7,https://web.archive.org/web/20251112231921/https://repression.info/ru
ovd:a:222.1,ст. 222.1 УК: незаконный оборот взрывчатых веществ,Art. 222.1: незаконный оборот взрывчатых веществ,2025-12-01,7,https://web.archive.org/web/20251201093118/https://repression.info/ru
ovd:a:222.1,ст. 222.1 УК: незаконный оборот взрывчатых веществ,Art. 222.1: незаконный оборот взрывчатых веществ,2026-01-07,7,https://web.archive.org/web/20260107083935/https://repression.info/ru
ovd:a:222.1,ст. 222.1 УК: незаконный оборот взрывчатых веществ,Art. 222.1: незаконный оборот взрывчатых веществ,2026-02-03,7,https://web.archive.org/web/20260203181815/https://repression.info/ru
ovd:a:222.1,ст. 222.1 УК: незаконный оборот взрывчатых веществ,Art. 222.1: незаконный оборот взрывчатых веществ,2026-03-01,7,https://web.archive.org/web/20260301185403/https://repression.info/ru
ovd:a:222.1,ст. 222.1 УК: незаконный оборот взрывчатых веществ,Art. 222.1: незаконный оборот взрывчатых веществ,2026-10-07,8,https://repression.info/ru
ovd:a:212.1,ст. 212.1 УК: неоднократное нарушение порядка организации или проведения п,Art. 212.1: неоднократное нарушение порядка организации или проведения п,2025-07-02,1,https://web.archive.org/web/20250702125146/https://repression.info/ru
ovd:a:212.1,ст. 212.1 УК: неоднократное нарушение порядка организации или проведения п,Art. 212.1: неоднократное нарушение порядка организации или проведения п,2025-08-02,1,https://web.archive.org/web/20250802121551/https://repression.info/ru
ovd:a:212.1,ст. 212.1 УК: неоднократное нарушение порядка организации или проведения п,Art. 212.1: неоднократное нарушение порядка организации или проведения п,2025-09-04,1,https://web.archive.org/web/20250904084422/https://repression.info/ru
ovd:a:212.1,ст. 212.1 УК: неоднократное нарушение порядка организации или проведения п,Art. 212.1: неоднократное нарушение порядка организации или проведения п,2025-10-01,1,https://web.archive.org/web/20251001160925/https://repression.info/ru
ovd:a:212.1,ст. 212.1 УК: неоднократное нарушение порядка организации или проведения п,Art. 212.1: неоднократное нарушение порядка организации или проведения п,2025-11-12,1,https://web.archive.org/web/20251112231921/https://repression.info/ru
ovd:a:212.1,ст. 212.1 УК: неоднократное нарушение порядка организации или проведения п,Art. 212.1: неоднократное нарушение порядка организации или проведения п,2025-12-01,1,https://web.archive.org/web/20251201093118/https://repression.info/ru
ovd:a:212.1,ст. 212.1 УК: неоднократное нарушение порядка организации или проведения п,Art. 212.1: неоднократное нарушение порядка организации или проведения п,2026-01-07,1,https://web.archive.org/web/20260107083935/https://repression.info/ru
ovd:a:212.1,ст. 212.1 УК: неоднократное нарушение порядка организации или проведения п,Art. 212.1: неоднократное нарушение порядка организации или проведения п,2026-02-03,1,https://web.archive.org/web/20260203181815/https://repression.info/ru
ovd:a:212.1,ст. 212.1 УК: неоднократное нарушение порядка организации или проведения п,Art. 212.1: неоднократное нарушение порядка организации или проведения п,2026-03-01,1,https://web.archive.org/web/20260301185403/https://repression.info/ru
ovd:a:212.1,ст. 212.1 УК: неоднократное нарушение порядка организации или проведения п,Art. 212.1: неоднократное нарушение порядка организации или проведения п,2026-10-07,1,https://repression.info/ru
ovd:a:205.6,ст. 205.6 УК: неисполнение обязательств по предоставлению информации о пре,Art. 205.6: неисполнение обязательств по предоставлению информации о пре,2025-07-02,1,https://web.archive.org/web/20250702125146/https://repression.info/ru
ovd:a:205.6,ст. 205.6 УК: неисполнение обязательств по предоставлению информации о пре,Art. 205.6: неисполнение обязательств по предоставлению информации о пре,2025-08-02,1,https://web.archive.org/web/20250802121551/https://repression.info/ru
ovd:a:205.6,ст. 205.6 УК: неисполнение обязательств по предоставлению информации о пре,Art. 205.6: неисполнение обязательств по предоставлению информации о пре,2025-09-04,1,https://web.archive.org/web/20250904084422/https://repression.info/ru
ovd:a:205.6,ст. 205.6 УК: неисполнение обязательств по предоставлению информации о пре,Art. 205.6: неисполнение обязательств по предоставлению информации о пре,2025-10-01,1,https://web.archive.org/web/20251001160925/https://repression.info/ru
ovd:a:205.6,ст. 205.6 УК: неисполнение обязательств по предоставлению информации о пре,Art. 205.6: неисполнение обязательств по предоставлению информации о пре,2025-11-12,1,https://web.archive.org/web/20251112231921/https://repression.info/ru
ovd:a:205.6,ст. 205.6 УК: неисполнение обязательств по предоставлению информации о пре,Art. 205.6: неисполнение обязательств по предоставлению информации о пре,2025-12-01,1,https://web.archive.org/web/20251201093118/https://repression.info/ru
ovd:a:205.6,ст. 205.6 УК: неисполнение обязательств по предоставлению информации о пре,Art. 205.6: неисполнение обязательств по предоставлению информации о пре,2026-01-07,1,https://web.archive.org/web/20260107083935/https://repression.info/ru
ovd:a:205.6,ст. 205.6 УК: неисполнение обязательств по предоставлению информации о пре,Art. 205.6: неисполнение обязательств по предоставлению информации о пре,2026-02-03,1,https://web.archive.org/web/20260203181815/https://repression.info/ru
ovd:a:205.6,ст. 205.6 УК: неисполнение обязательств по предоставлению информации о пре,Art. 205.6: неисполнение обязательств по предоставлению информации о пре,2026-03-01,1,https://web.archive.org/web/20260301185403/https://repression.info/ru
ovd:a:205.6,ст. 205.6 УК: неисполнение обязательств по предоставлению информации о пре,Art. 205.6: неисполнение обязательств по предоставлению информации о пре,2026-10-07,1,https://repression.info/ru
ovd:a:298.1,ст. 298.1 УК: клевета в отношении должностных лиц,Art. 298.1: клевета в отношении должностных лиц,2025-07-02,1,https://web.archive.org/web/20250702125146/https://repression.info/ru
ovd:a:298.1,ст. 298.1 УК: клевета в отношении должностных лиц,Art. 298.1: клевета в отношении должностных лиц,2025-08-02,1,https://web.archive.org/web/20250802121551/https://repression.info/ru
ovd:a:298.1,ст. 298.1 УК: клевета в отношении должностных лиц,Art. 298.1: клевета в отношении должностных лиц,2025-09-04,1,https://web.archive.org/web/20250904084422/https://repression.info/ru
ovd:a:298.1,ст. 298.1 УК: клевета в отношении должностных лиц,Art. 298.1: клевета в отношении должностных лиц,2025-10-01,1,https://web.archive.org/web/20251001160925/https://repression.info/ru
ovd:a:298.1,ст. 298.1 УК: клевета в отношении должностных лиц,Art. 298.1: клевета в отношении должностных лиц,2025-11-12,1,https://web.archive.org/web/20251112231921/https://repression.info/ru
ovd:a:298.1,ст. 298.1 УК: клевета в отношении должностных лиц,Art. 298.1: клевета в отношении должностных лиц,2025-12-01,1,https://web.archive.org/web/20251201093118/https://repression.info/ru
ovd:a:298.1,ст. 298.1 УК: клевета в отношении должностных лиц,Art. 298.1: клевета в отношении должностных лиц,2026-01-07,1,https://web.archive.org/web/20260107083935/https://repression.info/ru
ovd:a:298.1,ст. 298.1 УК: клевета в отношении должностных лиц,Art. 298.1: клевета в отношении должностных лиц,2026-02-03,1,https://web.archive.org/web/20260203181815/https://repression.info/ru
ovd:a:298.1,ст. 298.1 УК: клевета в отношении должностных лиц,Art. 298.1: клевета в отношении должностных лиц,2026-03-01,1,https://web.archive.org/web/20260301185403/https://repression.info/ru
ovd:a:298.1,ст. 298.1 УК: клевета в отношении должностных лиц,Art. 298.1: клевета в отношении должностных лиц,2026-10-07,1,https://repression.info/ru
ovd:a:128.1,ст. 128.1 УК: клевета,Art. 128.1: клевета,2025-07-02,3,https://web.archive.org/web/20250702125146/https://repression.info/ru
ovd:a:128.1,ст. 128.1 УК: клевета,Art. 128.1: клевета,2025-08-02,3,https://web.archive.org/web/20250802121551/https://repression.info/ru
ovd:a:128.1,ст. 128.1 УК: клевета,Art. 128.1: клевета,2025-09-04,3,https://web.archive.org/web/20250904084422/https://repression.info/ru
ovd:a:128.1,ст. 128.1 УК: клевета,Art. 128.1: клевета,2025-10-01,3,https://web.archive.org/web/20251001160925/https://repression.info/ru
ovd:a:128.1,ст. 128.1 УК: клевета,Art. 128.1: клевета,2025-11-12,3,https://web.archive.org/web/20251112231921/https://repression.info/ru
ovd:a:128.1,ст. 128.1 УК: клевета,Art. 128.1: клевета,2025-12-01,4,https://web.archive.org/web/20251201093118/https://repression.info/ru
ovd:a:128.1,ст. 128.1 УК: клевета,Art. 128.1: клевета,2026-01-07,4,https://web.archive.org/web/20260107083935/https://repression.info/ru
ovd:a:128.1,ст. 128.1 УК: клевета,Art. 128.1: клевета,2026-02-03,4,https://web.archive.org/web/20260203181815/https://repression.info/ru
ovd:a:128.1,ст. 128.1 УК: клевета,Art. 128.1: клевета,2026-03-01,4,https://web.archive.org/web/20260301185403/https://repression.info/ru
ovd:a:128.1,ст. 128.1 УК: клевета,Art. 128.1: клевета,2026-10-07,4,https://repression.info/ru
ovd:a:228.1,ст. 228.1 УК: незаконная торговля наркотиками,Art. 228.1: незаконная торговля наркотиками,2025-07-02,1,https://web.archive.org/web/20250702125146/https://repression.info/ru
ovd:a:228.1,ст. 228.1 УК: незаконная торговля наркотиками,Art. 228.1: незаконная торговля наркотиками,2025-08-02,1,https://web.archive.org/web/20250802121551/https://repression.info/ru
ovd:a:228.1,ст. 228.1 УК: незаконная торговля наркотиками,Art. 228.1: незаконная торговля наркотиками,2025-09-04,1,https://web.archive.org/web/20250904084422/https://repression.info/ru
ovd:a:228.1,ст. 228.1 УК: незаконная торговля наркотиками,Art. 228.1: незаконная торговля наркотиками,2025-10-01,1,https://web.archive.org/web/20251001160925/https://repression.info/ru
ovd:a:228.1,ст. 228.1 УК: незаконная торговля наркотиками,Art. 228.1: незаконная торговля наркотиками,2025-11-12,1,https://web.archive.org/web/20251112231921/https://repression.info/ru
ovd:a:228.1,ст. 228.1 УК: незаконная торговля наркотиками,Art. 228.1: незаконная торговля наркотиками,2025-12-01,1,https://web.archive.org/web/20251201093118/https://repression.info/ru
ovd:a:228.1,ст. 228.1 УК: незаконная торговля наркотиками,Art. 228.1: незаконная торговля наркотиками,2026-01-07,1,https://web.archive.org/web/20260107083935/https://repression.info/ru
ovd:a:228.1,ст. 228.1 УК: незаконная торговля наркотиками,Art. 228.1: незаконная торговля наркотиками,2026-02-03,1,https://web.archive.org/web/20260203181815/https://repression.info/ru
ovd:a:228.1,ст. 228.1 УК: незаконная торговля наркотиками,Art. 228.1: незаконная торговля наркотиками,2026-03-01,1,https://web.archive.org/web/20260301185403/https://repression.info/ru
ovd:a:228.1,ст. 228.1 УК: незаконная торговля наркотиками,Art. 228.1: незаконная торговля наркотиками,2026-10-07,1,https://repression.info/ru
ovd:a:352.1,ст. 352.1 УК: voluntary surrender,Art. 352.1: voluntary surrender,2025-07-02,5,https://web.archive.org/web/20250702125146/https://repression.info/ru
ovd:a:352.1,ст. 352.1 УК: voluntary surrender,Art. 352.1: voluntary surrender,2025-08-02,5,https://web.archive.org/web/20250802121551/https://repression.info/ru
ovd:a:352.1,ст. 352.1 УК: voluntary surrender,Art. 352.1: voluntary surrender,2025-09-04,4,https://web.archive.org/web/20250904084422/https://repression.info/ru
ovd:a:352.1,ст. 352.1 УК: voluntary surrender,Art. 352.1: voluntary surrender,2025-10-01,4,https://web.archive.org/web/20251001160925/https://repression.info/ru
ovd:a:352.1,ст. 352.1 УК: voluntary surrender,Art. 352.1: voluntary surrender,2025-11-12,4,https://web.archive.org/web/20251112231921/https://repression.info/ru
ovd:a:352.1,ст. 352.1 УК: voluntary surrender,Art. 352.1: voluntary surrender,2025-12-01,4,https://web.archive.org/web/20251201093118/https://repression.info/ru
ovd:a:352.1,ст. 352.1 УК: voluntary surrender,Art. 352.1: voluntary surrender,2026-01-07,4,https://web.archive.org/web/20260107083935/https://repression.info/ru
ovd:a:352.1,ст. 352.1 УК: voluntary surrender,Art. 352.1: voluntary surrender,2026-02-03,4,https://web.archive.org/web/20260203181815/https://repression.info/ru
ovd:a:352.1,ст. 352.1 УК: voluntary surrender,Art. 352.1: voluntary surrender,2026-03-01,4,https://web.archive.org/web/20260301185403/https://repression.info/ru
ovd:a:352.1,ст. 352.1 УК: voluntary surrender,Art. 352.1: voluntary surrender,2026-10-07,4,https://repression.info/ru
ovd:a:243.4,ст. 243.4 УК: уничтожение или повреждение мест воинских захоронений,Art. 243.4: уничтожение или повреждение мест воинских захоронений,2025-07-02,4,https://web.archive.org/web/20250702125146/https://repression.info/ru
ovd:a:243.4,ст. 243.4 УК: уничтожение или повреждение мест воинских захоронений,Art. 243.4: уничтожение или повреждение мест воинских захоронений,2025-08-02,4,https://web.archive.org/web/20250802121551/https://repression.info/ru
ovd:a:243.4,ст. 243.4 УК: уничтожение или повреждение мест воинских захоронений,Art. 243.4: уничтожение или повреждение мест воинских захоронений,2025-09-04,4,https://web.archive.org/web/20250904084422/https://repression.info/ru
ovd:a:243.4,ст. 243.4 УК: уничтожение или повреждение мест воинских захоронений,Art. 243.4: уничтожение или повреждение мест воинских захоронений,2025-10-01,4,https://web.archive.org/web/20251001160925/https://repression.info/ru
ovd:a:243.4,ст. 243.4 УК: уничтожение или повреждение мест воинских захоронений,Art. 243.4: уничтожение или повреждение мест воинских захоронений,2025-11-12,4,https://web.archive.org/web/20251112231921/https://repression.info/ru
ovd:a:243.4,ст. 243.4 УК: уничтожение или повреждение мест воинских захоронений,Art. 243.4: уничтожение или повреждение мест воинских захоронений,2025-12-01,4,https://web.archive.org/web/20251201093118/https://repression.info/ru
ovd:a:243.4,ст. 243.4 УК: уничтожение или повреждение мест воинских захоронений,Art. 243.4: уничтожение или повреждение мест воинских захоронений,2026-01-07,4,https://web.archive.org/web/20260107083935/https://repression.info/ru
ovd:a:243.4,ст. 243.4 УК: уничтожение или повреждение мест воинских захоронений,Art. 243.4: уничтожение или повреждение мест воинских захоронений,2026-02-03,4,https://web.archive.org/web/20260203181815/https://repression.info/ru
ovd:a:243.4,ст. 243.4 УК: уничтожение или повреждение мест воинских захоронений,Art. 243.4: уничтожение или повреждение мест воинских захоронений,2026-03-01,4,https://web.archive.org/web/20260301185403/https://repression.info/ru
ovd:a:243.4,ст. 243.4 УК: уничтожение или повреждение мест воинских захоронений,Art. 243.4: уничтожение или повреждение мест воинских захоронений,2026-10-07,4,https://repression.info/ru
ovd:a:282.3,ст. 282.3 УК: финансовое обеспечение экстремистской деятельности,Art. 282.3: финансовое обеспечение экстремистской деятельности,2025-07-02,2,https://web.archive.org/web/20250702125146/https://repression.info/ru
ovd:a:282.3,ст. 282.3 УК: финансовое обеспечение экстремистской деятельности,Art. 282.3: финансовое обеспечение экстремистской деятельности,2025-08-02,2,https://web.archive.org/web/20250802121551/https://repression.info/ru
ovd:a:282.3,ст. 282.3 УК: финансовое обеспечение экстремистской деятельности,Art. 282.3: финансовое обеспечение экстремистской деятельности,2025-09-04,2,https://web.archive.org/web/20250904084422/https://repression.info/ru
ovd:a:282.3,ст. 282.3 УК: финансовое обеспечение экстремистской деятельности,Art. 282.3: финансовое обеспечение экстремистской деятельности,2025-10-01,2,https://web.archive.org/web/20251001160925/https://repression.info/ru
ovd:a:282.3,ст. 282.3 УК: финансовое обеспечение экстремистской деятельности,Art. 282.3: финансовое обеспечение экстремистской деятельности,2025-11-12,2,https://web.archive.org/web/20251112231921/https://repression.info/ru
ovd:a:282.3,ст. 282.3 УК: финансовое обеспечение экстремистской деятельности,Art. 282.3: финансовое обеспечение экстремистской деятельности,2025-12-01,2,https://web.archive.org/web/20251201093118/https://repression.info/ru
ovd:a:282.3,ст. 282.3 УК: финансовое обеспечение экстремистской деятельности,Art. 282.3: финансовое обеспечение экстремистской деятельности,2026-01-07,2,https://web.archive.org/web/20260107083935/https://repression.info/ru
ovd:a:282.3,ст. 282.3 УК: финансовое обеспечение экстремистской деятельности,Art. 282.3: финансовое обеспечение экстремистской деятельности,2026-02-03,2,https://web.archive.org/web/20260203181815/https://repression.info/ru
ovd:a:282.3,ст. 282.3 УК: финансовое обеспечение экстремистской деятельности,Art. 282.3: финансовое обеспечение экстремистской деятельности,2026-03-01,2,https://web.archive.org/web/20260301185403/https://repression.info/ru
ovd:a:282.3,ст. 282.3 УК: финансовое обеспечение экстремистской деятельности,Art. 282.3: финансовое обеспечение экстремистской деятельности,2026-10-07,3,https://repression.info/ru
ovd:a:282.2,ст. 282.2 УК: организация деятельности экстремистского сообщества,Art. 282.2: организация деятельности экстремистского сообщества,2025-07-02,7,https://web.archive.org/web/20250702125146/https://repression.info/ru
ovd:a:282.2,ст. 282.2 УК: организация деятельности экстремистского сообщества,Art. 282.2: организация деятельности экстремистского сообщества,2025-08-02,7,https://web.archive.org/web/20250802121551/https://repression.info/ru
ovd:a:282.2,ст. 282.2 УК: организация деятельности экстремистского сообщества,Art. 282.2: организация деятельности экстремистского сообщества,2025-09-04,7,https://web.archive.org/web/20250904084422/https://repression.info/ru
ovd:a:282.2,ст. 282.2 УК: организация деятельности экстремистского сообщества,Art. 282.2: организация деятельности экстремистского сообщества,2025-10-01,7,https://web.archive.org/web/20251001160925/https://repression.info/ru
ovd:a:282.2,ст. 282.2 УК: организация деятельности экстремистского сообщества,Art. 282.2: организация деятельности экстремистского сообщества,2025-11-12,9,https://web.archive.org/web/20251112231921/https://repression.info/ru
ovd:a:282.2,ст. 282.2 УК: организация деятельности экстремистского сообщества,Art. 282.2: организация деятельности экстремистского сообщества,2025-12-01,9,https://web.archive.org/web/20251201093118/https://repression.info/ru
ovd:a:282.2,ст. 282.2 УК: организация деятельности экстремистского сообщества,Art. 282.2: организация деятельности экстремистского сообщества,2026-01-07,9,https://web.archive.org/web/20260107083935/https://repression.info/ru
ovd:a:282.2,ст. 282.2 УК: организация деятельности экстремистского сообщества,Art. 282.2: организация деятельности экстремистского сообщества,2026-02-03,9,https://web.archive.org/web/20260203181815/https://repression.info/ru
ovd:a:282.2,ст. 282.2 УК: организация деятельности экстремистского сообщества,Art. 282.2: организация деятельности экстремистского сообщества,2026-03-01,9,https://web.archive.org/web/20260301185403/https://repression.info/ru
ovd:a:282.2,ст. 282.2 УК: организация деятельности экстремистского сообщества,Art. 282.2: организация деятельности экстремистского сообщества,2026-10-07,9,https://repression.info/ru
ovd:a:205.4,ст. 205.4 УК: террористическое объединение,Art. 205.4: terrorist group,2025-07-02,2,https://web.archive.org/web/20250702125146/https://repression.info/ru
ovd:a:205.4,ст. 205.4 УК: террористическое объединение,Art. 205.4: terrorist group,2025-08-02,2,https://web.archive.org/web/20250802121551/https://repression.info/ru
ovd:a:205.4,ст. 205.4 УК: террористическое объединение,Art. 205.4: terrorist group,2025-09-04,2,https://web.archive.org/web/20250904084422/https://repression.info/ru
ovd:a:205.4,ст. 205.4 УК: террористическое объединение,Art. 205.4: terrorist group,2025-10-01,2,https://web.archive.org/web/20251001160925/https://repression.info/ru
ovd:a:205.4,ст. 205.4 УК: террористическое объединение,Art. 205.4: terrorist group,2025-11-12,25,https://web.archive.org/web/20251112231921/https://repression.info/ru
ovd:a:205.4,ст. 205.4 УК: террористическое объединение,Art. 205.4: terrorist group,2025-12-01,25,https://web.archive.org/web/20251201093118/https://repression.info/ru
ovd:a:205.4,ст. 205.4 УК: террористическое объединение,Art. 205.4: terrorist group,2026-01-07,25,https://web.archive.org/web/20260107083935/https://repression.info/ru
ovd:a:205.4,ст. 205.4 УК: террористическое объединение,Art. 205.4: terrorist group,2026-02-03,25,https://web.archive.org/web/20260203181815/https://repression.info/ru
ovd:a:205.4,ст. 205.4 УК: террористическое объединение,Art. 205.4: terrorist group,2026-03-01,25,https://web.archive.org/web/20260301185403/https://repression.info/ru
ovd:a:205.4,ст. 205.4 УК: террористическое объединение,Art. 205.4: terrorist group,2026-10-07,25,https://repression.info/ru
ovd:a:275.1,ст. 275.1 УК: «конфиденциальное сотрудничество»,Art. 275.1: “confidential cooperation”,2025-07-02,8,https://web.archive.org/web/20250702125146/https://repression.info/ru
ovd:a:275.1,ст. 275.1 УК: «конфиденциальное сотрудничество»,Art. 275.1: “confidential cooperation”,2025-08-02,9,https://web.archive.org/web/20250802121551/https://repression.info/ru
ovd:a:275.1,ст. 275.1 УК: «конфиденциальное сотрудничество»,Art. 275.1: “confidential cooperation”,2025-09-04,9,https://web.archive.org/web/20250904084422/https://repression.info/ru
ovd:a:275.1,ст. 275.1 УК: «конфиденциальное сотрудничество»,Art. 275.1: “confidential cooperation”,2025-10-01,9,https://web.archive.org/web/20251001160925/https://repression.info/ru
ovd:a:275.1,ст. 275.1 УК: «конфиденциальное сотрудничество»,Art. 275.1: “confidential cooperation”,2025-11-12,9,https://web.archive.org/web/20251112231921/https://repression.info/ru
ovd:a:275.1,ст. 275.1 УК: «конфиденциальное сотрудничество»,Art. 275.1: “confidential cooperation”,2025-12-01,8,https://web.archive.org/web/20251201093118/https://repression.info/ru
ovd:a:275.1,ст. 275.1 УК: «конфиденциальное сотрудничество»,Art. 275.1: “confidential cooperation”,2026-01-07,8,https://web.archive.org/web/20260107083935/https://repression.info/ru
ovd:a:275.1,ст. 275.1 УК: «конфиденциальное сотрудничество»,Art. 275.1: “confidential cooperation”,2026-02-03,8,https://web.archive.org/web/20260203181815/https://repression.info/ru
ovd:a:275.1,ст. 275.1 УК: «конфиденциальное сотрудничество»,Art. 275.1: “confidential cooperation”,2026-03-01,8,https://web.archive.org/web/20260301185403/https://repression.info/ru
ovd:a:275.1,ст. 275.1 УК: «конфиденциальное сотрудничество»,Art. 275.1: “confidential cooperation”,2026-10-07,8,https://repression.info/ru
ovd:a:205.3,ст. 205.3 УК: прохождение подготовки в целях осуществления террористическо,Art. 205.3: прохождение подготовки в целях осуществления террористическо,2025-07-02,4,https://web.archive.org/web/20250702125146/https://repression.info/ru
ovd:a:205.3,ст. 205.3 УК: прохождение подготовки в целях осуществления террористическо,Art. 205.3: прохождение подготовки в целях осуществления террористическо,2025-08-02,4,https://web.archive.org/web/20250802121551/https://repression.info/ru
ovd:a:205.3,ст. 205.3 УК: прохождение подготовки в целях осуществления террористическо,Art. 205.3: прохождение подготовки в целях осуществления террористическо,2025-09-04,4,https://web.archive.org/web/20250904084422/https://repression.info/ru
ovd:a:205.3,ст. 205.3 УК: прохождение подготовки в целях осуществления террористическо,Art. 205.3: прохождение подготовки в целях осуществления террористическо,2025-10-01,4,https://web.archive.org/web/20251001160925/https://repression.info/ru
ovd:a:205.3,ст. 205.3 УК: прохождение подготовки в целях осуществления террористическо,Art. 205.3: прохождение подготовки в целях осуществления террористическо,2025-11-12,4,https://web.archive.org/web/20251112231921/https://repression.info/ru
ovd:a:205.3,ст. 205.3 УК: прохождение подготовки в целях осуществления террористическо,Art. 205.3: прохождение подготовки в целях осуществления террористическо,2025-12-01,4,https://web.archive.org/web/20251201093118/https://repression.info/ru
ovd:a:205.3,ст. 205.3 УК: прохождение подготовки в целях осуществления террористическо,Art. 205.3: прохождение подготовки в целях осуществления террористическо,2026-01-07,4,https://web.archive.org/web/20260107083935/https://repression.info/ru
ovd:a:205.3,ст. 205.3 УК: прохождение подготовки в целях осуществления террористическо,Art. 205.3: прохождение подготовки в целях осуществления террористическо,2026-02-03,4,https://web.archive.org/web/20260203181815/https://repression.info/ru
ovd:a:205.3,ст. 205.3 УК: прохождение подготовки в целях осуществления террористическо,Art. 205.3: прохождение подготовки в целях осуществления террористическо,2026-03-01,4,https://web.archive.org/web/20260301185403/https://repression.info/ru
ovd:a:205.3,ст. 205.3 УК: прохождение подготовки в целях осуществления террористическо,Art. 205.3: прохождение подготовки в целях осуществления террористическо,2026-10-07,4,https://repression.info/ru
ovd:a:330.1,ст. 330.1 УК: уклонение от закона об «иноагентах»,Art. 330.1: evading the “foreign agent” law,2025-07-02,8,https://web.archive.org/web/20250702125146/https://repression.info/ru
ovd:a:330.1,ст. 330.1 УК: уклонение от закона об «иноагентах»,Art. 330.1: evading the “foreign agent” law,2025-08-02,11,https://web.archive.org/web/20250802121551/https://repression.info/ru
ovd:a:330.1,ст. 330.1 УК: уклонение от закона об «иноагентах»,Art. 330.1: evading the “foreign agent” law,2025-09-04,14,https://web.archive.org/web/20250904084422/https://repression.info/ru
ovd:a:330.1,ст. 330.1 УК: уклонение от закона об «иноагентах»,Art. 330.1: evading the “foreign agent” law,2025-10-01,15,https://web.archive.org/web/20251001160925/https://repression.info/ru
ovd:a:330.1,ст. 330.1 УК: уклонение от закона об «иноагентах»,Art. 330.1: evading the “foreign agent” law,2025-11-12,17,https://web.archive.org/web/20251112231921/https://repression.info/ru
ovd:a:330.1,ст. 330.1 УК: уклонение от закона об «иноагентах»,Art. 330.1: evading the “foreign agent” law,2025-12-01,16,https://web.archive.org/web/20251201093118/https://repression.info/ru
ovd:a:330.1,ст. 330.1 УК: уклонение от закона об «иноагентах»,Art. 330.1: evading the “foreign agent” law,2026-01-07,16,https://web.archive.org/web/20260107083935/https://repression.info/ru
ovd:a:330.1,ст. 330.1 УК: уклонение от закона об «иноагентах»,Art. 330.1: evading the “foreign agent” law,2026-02-03,16,https://web.archive.org/web/20260203181815/https://repression.info/ru
ovd:a:330.1,ст. 330.1 УК: уклонение от закона об «иноагентах»,Art. 330.1: evading the “foreign agent” law,2026-03-01,17,https://web.archive.org/web/20260301185403/https://repression.info/ru
ovd:a:330.1,ст. 330.1 УК: уклонение от закона об «иноагентах»,Art. 330.1: evading the “foreign agent” law,2026-10-07,18,https://repression.info/ru
ovd:a:223.1,ст. 223.1 УК: незаконное изготовление взрывчатых веществ,Art. 223.1: незаконное изготовление взрывчатых веществ,2025-07-02,2,https://web.archive.org/web/20250702125146/https://repression.info/ru
ovd:a:223.1,ст. 223.1 УК: незаконное изготовление взрывчатых веществ,Art. 223.1: незаконное изготовление взрывчатых веществ,2025-08-02,2,https://web.archive.org/web/20250802121551/https://repression.info/ru
ovd:a:223.1,ст. 223.1 УК: незаконное изготовление взрывчатых веществ,Art. 223.1: незаконное изготовление взрывчатых веществ,2025-09-04,2,https://web.archive.org/web/20250904084422/https://repression.info/ru
ovd:a:223.1,ст. 223.1 УК: незаконное изготовление взрывчатых веществ,Art. 223.1: незаконное изготовление взрывчатых веществ,2025-10-01,2,https://web.archive.org/web/20251001160925/https://repression.info/ru
ovd:a:223.1,ст. 223.1 УК: незаконное изготовление взрывчатых веществ,Art. 223.1: незаконное изготовление взрывчатых веществ,2025-11-12,2,https://web.archive.org/web/20251112231921/https://repression.info/ru
ovd:a:223.1,ст. 223.1 УК: незаконное изготовление взрывчатых веществ,Art. 223.1: незаконное изготовление взрывчатых веществ,2025-12-01,2,https://web.archive.org/web/20251201093118/https://repression.info/ru
ovd:a:223.1,ст. 223.1 УК: незаконное изготовление взрывчатых веществ,Art. 223.1: незаконное изготовление взрывчатых веществ,2026-01-07,2,https://web.archive.org/web/20260107083935/https://repression.info/ru
ovd:a:223.1,ст. 223.1 УК: незаконное изготовление взрывчатых веществ,Art. 223.1: незаконное изготовление взрывчатых веществ,2026-02-03,2,https://web.archive.org/web/20260203181815/https://repression.info/ru
ovd:a:223.1,ст. 223.1 УК: незаконное изготовление взрывчатых веществ,Art. 223.1: незаконное изготовление взрывчатых веществ,2026-03-01,2,https://web.archive.org/web/20260301185403/https://repression.info/ru
ovd:a:223.1,ст. 223.1 УК: незаконное изготовление взрывчатых веществ,Art. 223.1: незаконное изготовление взрывчатых веществ,2026-10-07,3,https://repression.info/ru
ovd:a:282.1,ст. 282.1 УК: экстремистское сообщество,Art. 282.1: extremist community,2025-07-02,36,https://web.archive.org/web/20250702125146/https://repression.info/ru
ovd:a:282.1,ст. 282.1 УК: экстремистское сообщество,Art. 282.1: extremist community,2025-08-02,40,https://web.archive.org/web/20250802121551/https://repression.info/ru
ovd:a:282.1,ст. 282.1 УК: экстремистское сообщество,Art. 282.1: extremist community,2025-09-04,40,https://web.archive.org/web/20250904084422/https://repression.info/ru
ovd:a:282.1,ст. 282.1 УК: экстремистское сообщество,Art. 282.1: extremist community,2025-10-01,40,https://web.archive.org/web/20251001160925/https://repression.info/ru
ovd:a:282.1,ст. 282.1 УК: экстремистское сообщество,Art. 282.1: extremist community,2025-11-12,36,https://web.archive.org/web/20251112231921/https://repression.info/ru
ovd:a:282.1,ст. 282.1 УК: экстремистское сообщество,Art. 282.1: extremist community,2025-12-01,36,https://web.archive.org/web/20251201093118/https://repression.info/ru
ovd:a:282.1,ст. 282.1 УК: экстремистское сообщество,Art. 282.1: extremist community,2026-01-07,36,https://web.archive.org/web/20260107083935/https://repression.info/ru
ovd:a:282.1,ст. 282.1 УК: экстремистское сообщество,Art. 282.1: extremist community,2026-02-03,36,https://web.archive.org/web/20260203181815/https://repression.info/ru
ovd:a:282.1,ст. 282.1 УК: экстремистское сообщество,Art. 282.1: extremist community,2026-03-01,36,https://web.archive.org/web/20260301185403/https://repression.info/ru
ovd:a:282.1,ст. 282.1 УК: экстремистское сообщество,Art. 282.1: extremist community,2026-10-07,37,https://repression.info/ru
ovd:a:284.1,ст. 284.1 УК: организация деятельности нежелательной организации,Art. 284.1: организация деятельности нежелательной организации,2025-07-02,1,https://web.archive.org/web/20250702125146/https://repression.info/ru
ovd:a:284.1,ст. 284.1 УК: организация деятельности нежелательной организации,Art. 284.1: организация деятельности нежелательной организации,2025-08-02,2,https://web.archive.org/web/20250802121551/https://repression.info/ru
ovd:a:284.1,ст. 284.1 УК: организация деятельности нежелательной организации,Art. 284.1: организация деятельности нежелательной организации,2025-09-04,2,https://web.archive.org/web/20250904084422/https://repression.info/ru
ovd:a:284.1,ст. 284.1 УК: организация деятельности нежелательной организации,Art. 284.1: организация деятельности нежелательной организации,2025-10-01,2,https://web.archive.org/web/20251001160925/https://repression.info/ru
ovd:a:284.1,ст. 284.1 УК: организация деятельности нежелательной организации,Art. 284.1: организация деятельности нежелательной организации,2025-11-12,2,https://web.archive.org/web/20251112231921/https://repression.info/ru
ovd:a:284.1,ст. 284.1 УК: организация деятельности нежелательной организации,Art. 284.1: организация деятельности нежелательной организации,2025-12-01,2,https://web.archive.org/web/20251201093118/https://repression.info/ru
ovd:a:284.1,ст. 284.1 УК: организация деятельности нежелательной организации,Art. 284.1: организация деятельности нежелательной организации,2026-01-07,2,https://web.archive.org/web/20260107083935/https://repression.info/ru
ovd:a:284.1,ст. 284.1 УК: организация деятельности нежелательной организации,Art. 284.1: организация деятельности нежелательной организации,2026-02-03,2,https://web.archive.org/web/20260203181815/https://repression.info/ru
ovd:a:284.1,ст. 284.1 УК: организация деятельности нежелательной организации,Art. 284.1: организация деятельности нежелательной организации,2026-03-01,2,https://web.archive.org/web/20260301185403/https://repression.info/ru
ovd:a:284.1,ст. 284.1 УК: организация деятельности нежелательной организации,Art. 284.1: организация деятельности нежелательной организации,2026-10-07,2,https://repression.info/ru
ovd:a:151.2,"ст. 151.2 УК: вовлечение несовершеннолетнего в совершение действий, предст","Art. 151.2: вовлечение несовершеннолетнего в совершение действий, предст",2025-07-02,1,https://web.archive.org/web/20250702125146/https://repression.info/ru
ovd:a:151.2,"ст. 151.2 УК: вовлечение несовершеннолетнего в совершение действий, предст","Art. 151.2: вовлечение несовершеннолетнего в совершение действий, предст",2025-08-02,1,https://web.archive.org/web/20250802121551/https://repression.info/ru
ovd:a:151.2,"ст. 151.2 УК: вовлечение несовершеннолетнего в совершение действий, предст","Art. 151.2: вовлечение несовершеннолетнего в совершение действий, предст",2025-09-04,1,https://web.archive.org/web/20250904084422/https://repression.info/ru
ovd:a:151.2,"ст. 151.2 УК: вовлечение несовершеннолетнего в совершение действий, предст","Art. 151.2: вовлечение несовершеннолетнего в совершение действий, предст",2025-10-01,1,https://web.archive.org/web/20251001160925/https://repression.info/ru
ovd:a:151.2,"ст. 151.2 УК: вовлечение несовершеннолетнего в совершение действий, предст","Art. 151.2: вовлечение несовершеннолетнего в совершение действий, предст",2025-11-12,1,https://web.archive.org/web/20251112231921/https://repression.info/ru
ovd:a:151.2,"ст. 151.2 УК: вовлечение несовершеннолетнего в совершение действий, предст","Art. 151.2: вовлечение несовершеннолетнего в совершение действий, предст",2025-12-01,1,https://web.archive.org/web/20251201093118/https://repression.info/ru
ovd:a:151.2,"ст. 151.2 УК: вовлечение несовершеннолетнего в совершение действий, предст","Art. 151.2: вовлечение несовершеннолетнего в совершение действий, предст",2026-01-07,1,https://web.archive.org/web/20260107083935/https://repression.info/ru
ovd:a:151.2,"ст. 151.2 УК: вовлечение несовершеннолетнего в совершение действий, предст","Art. 151.2: вовлечение несовершеннолетнего в совершение действий, предст",2026-02-03,1,https://web.archive.org/web/20260203181815/https://repression.info/ru
ovd:a:151.2,"ст. 151.2 УК: вовлечение несовершеннолетнего в совершение действий, предст","Art. 151.2: вовлечение несовершеннолетнего в совершение действий, предст",2026-03-01,1,https://web.archive.org/web/20260301185403/https://repression.info/ru
ovd:a:151.2,"ст. 151.2 УК: вовлечение несовершеннолетнего в совершение действий, предст","Art. 151.2: вовлечение несовершеннолетнего в совершение действий, предст",2026-10-07,1,https://repression.info/ru
ovd:a:281.2,ст. 281.2 УК,Art. 281.2,2026-10-07,1,https://repression.info/ru
ovd:a:274.1,ст. 274.1 УК: незаконное воздействие на критическую информационную инфраст,Art. 274.1: незаконное воздействие на критическую информационную инфраст,2025-07-02,2,https://web.archive.org/web/20250702125146/https://repression.info/ru
ovd:a:274.1,ст. 274.1 УК: незаконное воздействие на критическую информационную инфраст,Art. 274.1: незаконное воздействие на критическую информационную инфраст,2025-08-02,2,https://web.archive.org/web/20250802121551/https://repression.info/ru
ovd:a:274.1,ст. 274.1 УК: незаконное воздействие на критическую информационную инфраст,Art. 274.1: незаконное воздействие на критическую информационную инфраст,2025-09-04,2,https://web.archive.org/web/20250904084422/https://repression.info/ru
ovd:a:274.1,ст. 274.1 УК: незаконное воздействие на критическую информационную инфраст,Art. 274.1: незаконное воздействие на критическую информационную инфраст,2025-10-01,2,https://web.archive.org/web/20251001160925/https://repression.info/ru
ovd:a:274.1,ст. 274.1 УК: незаконное воздействие на критическую информационную инфраст,Art. 274.1: незаконное воздействие на критическую информационную инфраст,2025-11-12,2,https://web.archive.org/web/20251112231921/https://repression.info/ru
ovd:a:274.1,ст. 274.1 УК: незаконное воздействие на критическую информационную инфраст,Art. 274.1: незаконное воздействие на критическую информационную инфраст,2025-12-01,2,https://web.archive.org/web/20251201093118/https://repression.info/ru
ovd:a:274.1,ст. 274.1 УК: незаконное воздействие на критическую информационную инфраст,Art. 274.1: незаконное воздействие на критическую информационную инфраст,2026-01-07,2,https://web.archive.org/web/20260107083935/https://repression.info/ru
ovd:a:274.1,ст. 274.1 УК: незаконное воздействие на критическую информационную инфраст,Art. 274.1: незаконное воздействие на критическую информационную инфраст,2026-02-03,2,https://web.archive.org/web/20260203181815/https://repression.info/ru
ovd:a:274.1,ст. 274.1 УК: незаконное воздействие на критическую информационную инфраст,Art. 274.1: незаконное воздействие на критическую информационную инфраст,2026-03-01,2,https://web.archive.org/web/20260301185403/https://repression.info/ru
ovd:a:274.1,ст. 274.1 УК: незаконное воздействие на критическую информационную инфраст,Art. 274.1: незаконное воздействие на критическую информационную инфраст,2026-10-07,2,https://repression.info/ru
ovd:a:283.1,ст. 283.1 УК,Art. 283.1,2025-07-02,1,https://web.archive.org/web/20250702125146/https://repression.info/ru
ovd:a:283.1,ст. 283.1 УК,Art. 283.1,2025-08-02,1,https://web.archive.org/web/20250802121551/https://repression.info/ru
ovd:a:283.1,ст. 283.1 УК,Art. 283.1,2025-09-04,1,https://web.archive.org/web/20250904084422/https://repression.info/ru
ovd:a:283.1,ст. 283.1 УК,Art. 283.1,2025-10-01,1,https://web.archive.org/web/20251001160925/https://repression.info/ru
ovd:a:283.1,ст. 283.1 УК,Art. 283.1,2025-11-12,1,https://web.archive.org/web/20251112231921/https://repression.info/ru
ovd:a:283.1,ст. 283.1 УК,Art. 283.1,2025-12-01,1,https://web.archive.org/web/20251201093118/https://repression.info/ru
ovd:a:283.1,ст. 283.1 УК,Art. 283.1,2026-01-07,1,https://web.archive.org/web/20260107083935/https://repression.info/ru
ovd:a:283.1,ст. 283.1 УК,Art. 283.1,2026-02-03,1,https://web.archive.org/web/20260203181815/https://repression.info/ru
ovd:a:283.1,ст. 283.1 УК,Art. 283.1,2026-03-01,1,https://web.archive.org/web/20260301185403/https://repression.info/ru
ovd:a:283.1,ст. 283.1 УК,Art. 283.1,2026-10-07,1,https://repression.info/ru
ovd:a:281.1,ст. 281.1 УК,Art. 281.1,2025-07-02,1,https://web.archive.org/web/20250702125146/https://repression.info/ru
ovd:a:281.1,ст. 281.1 УК,Art. 281.1,2025-08-02,1,https://web.archive.org/web/20250802121551/https://repression.info/ru
ovd:a:281.1,ст. 281.1 УК,Art. 281.1,2025-09-04,1,https://web.archive.org/web/20250904084422/https://repression.info/ru
ovd:a:281.1,ст. 281.1 УК,Art. 281.1,2025-10-01,1,https://web.archive.org/web/20251001160925/https://repression.info/ru
ovd:a:281.1,ст. 281.1 УК,Art. 281.1,2025-11-12,1,https://web.archive.org/web/20251112231921/https://repression.info/ru
ovd:a:281.1,ст. 281.1 УК,Art. 281.1,2025-12-01,1,https://web.archive.org/web/20251201093118/https://repression.info/ru
ovd:a:281.1,ст. 281.1 УК,Art. 281.1,2026-01-07,1,https://web.archive.org/web/20260107083935/https://repression.info/ru
ovd:a:281.1,ст. 281.1 УК,Art. 281.1,2026-02-03,1,https://web.archive.org/web/20260203181815/https://repression.info/ru
ovd:a:281.1,ст. 281.1 УК,Art. 281.1,2026-03-01,1,https://web.archive.org/web/20260301185403/https://repression.info/ru
ovd:a:281.1,ст. 281.1 УК,Art. 281.1,2026-10-07,1,https://repression.info/ru
ovd:r:ru-alt,Алтайский край,Altai Krai,2025-07-02,12,https://web.archive.org/web/20250702125146/https://repression.info/ru
ovd:r:ru-alt,Алтайский край,Altai Krai,2025-08-02,12,https://web.archive.org/web/20250802121551/https://repression.info/ru
ovd:r:ru-alt,Алтайский край,Altai Krai,2025-11-12,12,https://web.archive.org/web/20251112231921/https://repression.info/ru
ovd:r:ru-alt,Алтайский край,Altai Krai,2025-12-01,12,https://web.archive.org/web/20251201093118/https://repression.info/ru
ovd:r:ru-alt,Алтайский край,Altai Krai,2026-01-07,13,https://web.archive.org/web/20260107083935/https://repression.info/ru
ovd:r:ru-alt,Алтайский край,Altai Krai,2026-02-03,13,https://web.archive.org/web/20260203181815/https://repression.info/ru
ovd:r:ru-alt,Алтайский край,Altai Krai,2026-03-01,13,https://web.archive.org/web/20260301185403/https://repression.info/ru
ovd:r:ru-alt,Алтайский край,Altai Krai,2026-10-07,12,https://repression.info/ru
ovd:r:ru-amu,Амурская область,Amur Oblast,2025-07-02,6,https://web.archive.org/web/20250702125146/https://repression.info/ru
ovd:r:ru-amu,Амурская область,Amur Oblast,2025-08-02,6,https://web.archive.org/web/20250802121551/https://repression.info/ru
ovd:r:ru-amu,Амурская область,Amur Oblast,2025-11-12,6,https://web.archive.org/web/20251112231921/https://repression.info/ru
ovd:r:ru-amu,Амурская область,Amur Oblast,2025-12-01,6,https://web.archive.org/web/20251201093118/https://repression.info/ru
ovd:r:ru-amu,Амурская область,Amur Oblast,2026-01-07,6,https://web.archive.org/web/20260107083935/https://repression.info/ru
ovd:r:ru-amu,Амурская область,Amur Oblast,2026-02-03,6,https://web.archive.org/web/20260203181815/https://repression.info/ru
ovd:r:ru-amu,Амурская область,Amur Oblast,2026-03-01,6,https://web.archive.org/web/20260301185403/https://repression.info/ru
ovd:r:ru-amu,Амурская область,Amur Oblast,2026-10-07,6,https://repression.info/ru
ovd:r:ru-ark,Архангельская область,Arkhangelsk Oblast,2025-07-02,19,https://web.archive.org/web/20250702125146/https://repression.info/ru
ovd:r:ru-ark,Архангельская область,Arkhangelsk Oblast,2025-08-02,19,https://web.archive.org/web/20250802121551/https://repression.info/ru
ovd:r:ru-ark,Архангельская область,Arkhangelsk Oblast,2025-11-12,20,https://web.archive.org/web/20251112231921/https://repression.info/ru
ovd:r:ru-ark,Архангельская область,Arkhangelsk Oblast,2025-12-01,20,https://web.archive.org/web/20251201093118/https://repression.info/ru
ovd:r:ru-ark,Архангельская область,Arkhangelsk Oblast,2026-01-07,20,https://web.archive.org/web/20260107083935/https://repression.info/ru
ovd:r:ru-ark,Архангельская область,Arkhangelsk Oblast,2026-02-03,21,https://web.archive.org/web/20260203181815/https://repression.info/ru
ovd:r:ru-ark,Архангельская область,Arkhangelsk Oblast,2026-03-01,21,https://web.archive.org/web/20260301185403/https://repression.info/ru
ovd:r:ru-ark,Архангельская область,Arkhangelsk Oblast,2026-10-07,21,https://repression.info/ru
ovd:r:ru-ast,Астраханская область,Astrakhan Oblast,2025-07-02,8,https://web.archive.org/web/20250702125146/https://repression.info/ru
ovd:r:ru-ast,Астраханская область,Astrakhan Oblast,2025-08-02,8,https://web.archive.org/web/20250802121551/https://repression.info/ru
ovd:r:ru-ast,Астраханская область,Astrakhan Oblast,2025-11-12,11,https://web.archive.org/web/20251112231921/https://repression.info/ru
ovd:r:ru-ast,Астраханская область,Astrakhan Oblast,2025-12-01,9,https://web.archive.org/web/20251201093118/https://repression.info/ru
ovd:r:ru-ast,Астраханская область,Astrakhan Oblast,2026-01-07,9,https://web.archive.org/web/20260107083935/https://repression.info/ru
ovd:r:ru-ast,Астраханская область,Astrakhan Oblast,2026-02-03,9,https://web.archive.org/web/20260203181815/https://repression.info/ru
ovd:r:ru-ast,Астраханская область,Astrakhan Oblast,2026-03-01,9,https://web.archive.org/web/20260301185403/https://repression.info/ru
ovd:r:ru-ast,Астраханская область,Astrakhan Oblast,2026-10-07,9,https://repression.info/ru
ovd:r:ru-bel,Белгородская область,Belgorod Oblast,2025-07-02,5,https://web.archive.org/web/20250702125146/https://repression.info/ru
ovd:r:ru-bel,Белгородская область,Belgorod Oblast,2025-08-02,5,https://web.archive.org/web/20250802121551/https://repression.info/ru
ovd:r:ru-bel,Белгородская область,Belgorod Oblast,2025-11-12,6,https://web.archive.org/web/20251112231921/https://repression.info/ru
ovd:r:ru-bel,Белгородская область,Belgorod Oblast,2025-12-01,6,https://web.archive.org/web/20251201093118/https://repression.info/ru
ovd:r:ru-bel,Белгородская область,Belgorod Oblast,2026-01-07,6,https://web.archive.org/web/20260107083935/https://repression.info/ru
ovd:r:ru-bel,Белгородская область,Belgorod Oblast,2026-02-03,6,https://web.archive.org/web/20260203181815/https://repression.info/ru
ovd:r:ru-bel,Белгородская область,Belgorod Oblast,2026-03-01,6,https://web.archive.org/web/20260301185403/https://repression.info/ru
ovd:r:ru-bel,Белгородская область,Belgorod Oblast,2026-10-07,7,https://repression.info/ru
ovd:r:ru-bry,Брянская область,Bryansk Oblast,2025-07-02,2,https://web.archive.org/web/20250702125146/https://repression.info/ru
ovd:r:ru-bry,Брянская область,Bryansk Oblast,2025-08-02,2,https://web.archive.org/web/20250802121551/https://repression.info/ru
ovd:r:ru-bry,Брянская область,Bryansk Oblast,2025-11-12,3,https://web.archive.org/web/20251112231921/https://repression.info/ru
ovd:r:ru-bry,Брянская область,Bryansk Oblast,2025-12-01,3,https://web.archive.org/web/20251201093118/https://repression.info/ru
ovd:r:ru-bry,Брянская область,Bryansk Oblast,2026-01-07,3,https://web.archive.org/web/20260107083935/https://repression.info/ru
ovd:r:ru-bry,Брянская область,Bryansk Oblast,2026-02-03,3,https://web.archive.org/web/20260203181815/https://repression.info/ru
ovd:r:ru-bry,Брянская область,Bryansk Oblast,2026-03-01,3,https://web.archive.org/web/20260301185403/https://repression.info/ru
ovd:r:ru-bry,Брянская область,Bryansk Oblast,2026-10-07,4,https://repression.info/ru
ovd:r:ru-vla,Владимирская область,Vladimir Oblast,2025-07-02,6,https://web.archive.org/web/20250702125146/https://repression.info/ru
ovd:r:ru-vla,Владимирская область,Vladimir Oblast,2025-08-02,6,https://web.archive.org/web/20250802121551/https://repression.info/ru
ovd:r:ru-vla,Владимирская область,Vladimir Oblast,2025-11-12,7,https://web.archive.org/web/20251112231921/https://repression.info/ru
ovd:r:ru-vla,Владимирская область,Vladimir Oblast,2025-12-01,8,https://web.archive.org/web/20251201093118/https://repression.info/ru
ovd:r:ru-vla,Владимирская область,Vladimir Oblast,2026-01-07,8,https://web.archive.org/web/20260107083935/https://repression.info/ru
ovd:r:ru-vla,Владимирская область,Vladimir Oblast,2026-02-03,8,https://web.archive.org/web/20260203181815/https://repression.info/ru
ovd:r:ru-vla,Владимирская область,Vladimir Oblast,2026-03-01,8,https://web.archive.org/web/20260301185403/https://repression.info/ru
ovd:r:ru-vla,Владимирская область,Vladimir Oblast,2026-10-07,10,https://repression.info/ru
ovd:r:ru-vgg,Волгоградская область,Volgograd Oblast,2025-07-02,15,https://web.archive.org/web/20250702125146/https://repression.info/ru
ovd:r:ru-vgg,Волгоградская область,Volgograd Oblast,2025-08-02,14,https://web.archive.org/web/20250802121551/https://repression.info/ru
ovd:r:ru-vgg,Волгоградская область,Volgograd Oblast,2025-11-12,14,https://web.archive.org/web/20251112231921/https://repression.info/ru
ovd:r:ru-vgg,Волгоградская область,Volgograd Oblast,2025-12-01,14,https://web.archive.org/web/20251201093118/https://repression.info/ru
ovd:r:ru-vgg,Волгоградская область,Volgograd Oblast,2026-01-07,14,https://web.archive.org/web/20260107083935/https://repression.info/ru
ovd:r:ru-vgg,Волгоградская область,Volgograd Oblast,2026-02-03,14,https://web.archive.org/web/20260203181815/https://repression.info/ru
ovd:r:ru-vgg,Волгоградская область,Volgograd Oblast,2026-03-01,14,https://web.archive.org/web/20260301185403/https://repression.info/ru
ovd:r:ru-vgg,Волгоградская область,Volgograd Oblast,2026-10-07,13,https://repression.info/ru
ovd:r:ru-vlg,Вологодская область,Vologda Oblast,2025-07-02,15,https://web.archive.org/web/20250702125146/https://repression.info/ru
ovd:r:ru-vlg,Вологодская область,Vologda Oblast,2025-08-02,15,https://web.archive.org/web/20250802121551/https://repression.info/ru
ovd:r:ru-vlg,Вологодская область,Vologda Oblast,2025-11-12,15,https://web.archive.org/web/20251112231921/https://repression.info/ru
ovd:r:ru-vlg,Вологодская область,Vologda Oblast,2025-12-01,15,https://web.archive.org/web/20251201093118/https://repression.info/ru
ovd:r:ru-vlg,Вологодская область,Vologda Oblast,2026-01-07,16,https://web.archive.org/web/20260107083935/https://repression.info/ru
ovd:r:ru-vlg,Вологодская область,Vologda Oblast,2026-02-03,16,https://web.archive.org/web/20260203181815/https://repression.info/ru
ovd:r:ru-vlg,Вологодская область,Vologda Oblast,2026-03-01,16,https://web.archive.org/web/20260301185403/https://repression.info/ru
ovd:r:ru-vlg,Вологодская область,Vologda Oblast,2026-10-07,16,https://repression.info/ru
ovd:r:ru-vor,Воронежская область,Voronezh Oblast,2025-07-02,18,https://web.archive.org/web/20250702125146/https://repression.info/ru
ovd:r:ru-vor,Воронежская область,Voronezh Oblast,2025-08-02,18,https://web.archive.org/web/20250802121551/https://repression.info/ru
ovd:r:ru-vor,Воронежская область,Voronezh Oblast,2025-11-12,19,https://web.archive.org/web/20251112231921/https://repression.info/ru
ovd:r:ru-vor,Воронежская область,Voronezh Oblast,2025-12-01,19,https://web.archive.org/web/20251201093118/https://repression.info/ru
ovd:r:ru-vor,Воронежская область,Voronezh Oblast,2026-01-07,19,https://web.archive.org/web/20260107083935/https://repression.info/ru
ovd:r:ru-vor,Воронежская область,Voronezh Oblast,2026-02-03,19,https://web.archive.org/web/20260203181815/https://repression.info/ru
ovd:r:ru-vor,Воронежская область,Voronezh Oblast,2026-03-01,19,https://web.archive.org/web/20260301185403/https://repression.info/ru
ovd:r:ru-vor,Воронежская область,Voronezh Oblast,2026-10-07,21,https://repression.info/ru
ovd:r:ru-yev,Еврейская автономная область,Jewish Autonomous Oblast,2025-07-02,4,https://web.archive.org/web/20250702125146/https://repression.info/ru
ovd:r:ru-yev,Еврейская автономная область,Jewish Autonomous Oblast,2025-08-02,4,https://web.archive.org/web/20250802121551/https://repression.info/ru
ovd:r:ru-yev,Еврейская автономная область,Jewish Autonomous Oblast,2025-11-12,4,https://web.archive.org/web/20251112231921/https://repression.info/ru
ovd:r:ru-yev,Еврейская автономная область,Jewish Autonomous Oblast,2025-12-01,4,https://web.archive.org/web/20251201093118/https://repression.info/ru
ovd:r:ru-yev,Еврейская автономная область,Jewish Autonomous Oblast,2026-01-07,4,https://web.archive.org/web/20260107083935/https://repression.info/ru
ovd:r:ru-yev,Еврейская автономная область,Jewish Autonomous Oblast,2026-02-03,4,https://web.archive.org/web/20260203181815/https://repression.info/ru
ovd:r:ru-yev,Еврейская автономная область,Jewish Autonomous Oblast,2026-03-01,4,https://web.archive.org/web/20260301185403/https://repression.info/ru
ovd:r:ru-yev,Еврейская автономная область,Jewish Autonomous Oblast,2026-10-07,4,https://repression.info/ru
ovd:r:ru-zab,Забайкальский край,Zabaykalsky Krai,2025-07-02,12,https://web.archive.org/web/20250702125146/https://repression.info/ru
ovd:r:ru-zab,Забайкальский край,Zabaykalsky Krai,2025-08-02,12,https://web.archive.org/web/20250802121551/https://repression.info/ru
ovd:r:ru-zab,Забайкальский край,Zabaykalsky Krai,2025-11-12,13,https://web.archive.org/web/20251112231921/https://repression.info/ru
ovd:r:ru-zab,Забайкальский край,Zabaykalsky Krai,2025-12-01,14,https://web.archive.org/web/20251201093118/https://repression.info/ru
ovd:r:ru-zab,Забайкальский край,Zabaykalsky Krai,2026-01-07,14,https://web.archive.org/web/20260107083935/https://repression.info/ru
ovd:r:ru-zab,Забайкальский край,Zabaykalsky Krai,2026-02-03,14,https://web.archive.org/web/20260203181815/https://repression.info/ru
ovd:r:ru-zab,Забайкальский край,Zabaykalsky Krai,2026-03-01,15,https://web.archive.org/web/20260301185403/https://repression.info/ru
ovd:r:ru-zab,Забайкальский край,Zabaykalsky Krai,2026-10-07,17,https://repression.info/ru
ovd:r:ru-iva,Ивановская область,Ivanovo Oblast,2025-07-02,7,https://web.archive.org/web/20250702125146/https://repression.info/ru
ovd:r:ru-iva,Ивановская область,Ivanovo Oblast,2025-08-02,7,https://web.archive.org/web/20250802121551/https://repression.info/ru
ovd:r:ru-iva,Ивановская область,Ivanovo Oblast,2025-11-12,7,https://web.archive.org/web/20251112231921/https://repression.info/ru
ovd:r:ru-iva,Ивановская область,Ivanovo Oblast,2025-12-01,7,https://web.archive.org/web/20251201093118/https://repression.info/ru
ovd:r:ru-iva,Ивановская область,Ivanovo Oblast,2026-01-07,7,https://web.archive.org/web/20260107083935/https://repression.info/ru
ovd:r:ru-iva,Ивановская область,Ivanovo Oblast,2026-02-03,7,https://web.archive.org/web/20260203181815/https://repression.info/ru
ovd:r:ru-iva,Ивановская область,Ivanovo Oblast,2026-03-01,7,https://web.archive.org/web/20260301185403/https://repression.info/ru
ovd:r:ru-iva,Ивановская область,Ivanovo Oblast,2026-10-07,7,https://repression.info/ru
ovd:r:ru-irk,Иркутская область,Irkutsk Oblast,2025-07-02,11,https://web.archive.org/web/20250702125146/https://repression.info/ru
ovd:r:ru-irk,Иркутская область,Irkutsk Oblast,2025-08-02,12,https://web.archive.org/web/20250802121551/https://repression.info/ru
ovd:r:ru-irk,Иркутская область,Irkutsk Oblast,2025-11-12,12,https://web.archive.org/web/20251112231921/https://repression.info/ru
ovd:r:ru-irk,Иркутская область,Irkutsk Oblast,2025-12-01,14,https://web.archive.org/web/20251201093118/https://repression.info/ru
ovd:r:ru-irk,Иркутская область,Irkutsk Oblast,2026-01-07,14,https://web.archive.org/web/20260107083935/https://repression.info/ru
ovd:r:ru-irk,Иркутская область,Irkutsk Oblast,2026-02-03,14,https://web.archive.org/web/20260203181815/https://repression.info/ru
ovd:r:ru-irk,Иркутская область,Irkutsk Oblast,2026-03-01,16,https://web.archive.org/web/20260301185403/https://repression.info/ru
ovd:r:ru-irk,Иркутская область,Irkutsk Oblast,2026-10-07,18,https://repression.info/ru
ovd:r:ru-kb,Кабардино-Балкария,Kabardino-Balkaria,2025-07-02,5,https://web.archive.org/web/20250702125146/https://repression.info/ru
ovd:r:ru-kb,Кабардино-Балкария,Kabardino-Balkaria,2025-08-02,5,https://web.archive.org/web/20250802121551/https://repression.info/ru
ovd:r:ru-kb,Кабардино-Балкария,Kabardino-Balkaria,2025-11-12,5,https://web.archive.org/web/20251112231921/https://repression.info/ru
ovd:r:ru-kb,Кабардино-Балкария,Kabardino-Balkaria,2025-12-01,5,https://web.archive.org/web/20251201093118/https://repression.info/ru
ovd:r:ru-kb,Кабардино-Балкария,Kabardino-Balkaria,2026-01-07,5,https://web.archive.org/web/20260107083935/https://repression.info/ru
ovd:r:ru-kb,Кабардино-Балкария,Kabardino-Balkaria,2026-02-03,5,https://web.archive.org/web/20260203181815/https://repression.info/ru
ovd:r:ru-kb,Кабардино-Балкария,Kabardino-Balkaria,2026-03-01,5,https://web.archive.org/web/20260301185403/https://repression.info/ru
ovd:r:ru-kb,Кабардино-Балкария,Kabardino-Balkaria,2026-10-07,5,https://repression.info/ru
ovd:r:ru-kgd,Калининградская область,Kaliningrad Oblast,2025-07-02,9,https://web.archive.org/web/20250702125146/https://repression.info/ru
ovd:r:ru-kgd,Калининградская область,Kaliningrad Oblast,2025-08-02,10,https://web.archive.org/web/20250802121551/https://repression.info/ru
ovd:r:ru-kgd,Калининградская область,Kaliningrad Oblast,2025-11-12,10,https://web.archive.org/web/20251112231921/https://repression.info/ru
ovd:r:ru-kgd,Калининградская область,Kaliningrad Oblast,2025-12-01,10,https://web.archive.org/web/20251201093118/https://repression.info/ru
ovd:r:ru-kgd,Калининградская область,Kaliningrad Oblast,2026-01-07,10,https://web.archive.org/web/20260107083935/https://repression.info/ru
ovd:r:ru-kgd,Калининградская область,Kaliningrad Oblast,2026-02-03,10,https://web.archive.org/web/20260203181815/https://repression.info/ru
ovd:r:ru-kgd,Калининградская область,Kaliningrad Oblast,2026-03-01,10,https://web.archive.org/web/20260301185403/https://repression.info/ru
ovd:r:ru-kgd,Калининградская область,Kaliningrad Oblast,2026-10-07,10,https://repression.info/ru
ovd:r:ru-klu,Калужская область,Kaluga Oblast,2025-07-02,10,https://web.archive.org/web/20250702125146/https://repression.info/ru
ovd:r:ru-klu,Калужская область,Kaluga Oblast,2025-08-02,10,https://web.archive.org/web/20250802121551/https://repression.info/ru
ovd:r:ru-klu,Калужская область,Kaluga Oblast,2025-11-12,10,https://web.archive.org/web/20251112231921/https://repression.info/ru
ovd:r:ru-klu,Калужская область,Kaluga Oblast,2025-12-01,10,https://web.archive.org/web/20251201093118/https://repression.info/ru
ovd:r:ru-klu,Калужская область,Kaluga Oblast,2026-01-07,10,https://web.archive.org/web/20260107083935/https://repression.info/ru
ovd:r:ru-klu,Калужская область,Kaluga Oblast,2026-02-03,10,https://web.archive.org/web/20260203181815/https://repression.info/ru
ovd:r:ru-klu,Калужская область,Kaluga Oblast,2026-03-01,10,https://web.archive.org/web/20260301185403/https://repression.info/ru
ovd:r:ru-klu,Калужская область,Kaluga Oblast,2026-10-07,10,https://repression.info/ru
ovd:r:ru-kam,Камчатский край,Kamchatka Krai,2025-07-02,6,https://web.archive.org/web/20250702125146/https://repression.info/ru
ovd:r:ru-kam,Камчатский край,Kamchatka Krai,2025-08-02,6,https://web.archive.org/web/20250802121551/https://repression.info/ru
ovd:r:ru-kam,Камчатский край,Kamchatka Krai,2025-11-12,8,https://web.archive.org/web/20251112231921/https://repression.info/ru
ovd:r:ru-kam,Камчатский край,Kamchatka Krai,2025-12-01,8,https://web.archive.org/web/20251201093118/https://repression.info/ru
ovd:r:ru-kam,Камчатский край,Kamchatka Krai,2026-01-07,8,https://web.archive.org/web/20260107083935/https://repression.info/ru
ovd:r:ru-kam,Камчатский край,Kamchatka Krai,2026-02-03,8,https://web.archive.org/web/20260203181815/https://repression.info/ru
ovd:r:ru-kam,Камчатский край,Kamchatka Krai,2026-03-01,8,https://web.archive.org/web/20260301185403/https://repression.info/ru
ovd:r:ru-kam,Камчатский край,Kamchatka Krai,2026-10-07,9,https://repression.info/ru
ovd:r:ru-kc,Карачаево-Черкесия,Karachay-Cherkessia,2025-07-02,2,https://web.archive.org/web/20250702125146/https://repression.info/ru
ovd:r:ru-kc,Карачаево-Черкесия,Karachay-Cherkessia,2025-08-02,2,https://web.archive.org/web/20250802121551/https://repression.info/ru
ovd:r:ru-kc,Карачаево-Черкесия,Karachay-Cherkessia,2025-11-12,3,https://web.archive.org/web/20251112231921/https://repression.info/ru
ovd:r:ru-kc,Карачаево-Черкесия,Karachay-Cherkessia,2025-12-01,4,https://web.archive.org/web/20251201093118/https://repression.info/ru
ovd:r:ru-kc,Карачаево-Черкесия,Karachay-Cherkessia,2026-01-07,4,https://web.archive.org/web/20260107083935/https://repression.info/ru
ovd:r:ru-kc,Карачаево-Черкесия,Karachay-Cherkessia,2026-02-03,4,https://web.archive.org/web/20260203181815/https://repression.info/ru
ovd:r:ru-kc,Карачаево-Черкесия,Karachay-Cherkessia,2026-03-01,4,https://web.archive.org/web/20260301185403/https://repression.info/ru
ovd:r:ru-kc,Карачаево-Черкесия,Karachay-Cherkessia,2026-10-07,5,https://repression.info/ru
ovd:r:ru-kem,Кемеровская область,Kemerovo Oblast,2025-07-02,18,https://web.archive.org/web/20250702125146/https://repression.info/ru
ovd:r:ru-kem,Кемеровская область,Kemerovo Oblast,2025-08-02,18,https://web.archive.org/web/20250802121551/https://repression.info/ru
ovd:r:ru-kem,Кемеровская область,Kemerovo Oblast,2025-11-12,18,https://web.archive.org/web/20251112231921/https://repression.info/ru
ovd:r:ru-kem,Кемеровская область,Kemerovo Oblast,2025-12-01,20,https://web.archive.org/web/20251201093118/https://repression.info/ru
ovd:r:ru-kem,Кемеровская область,Kemerovo Oblast,2026-01-07,20,https://web.archive.org/web/20260107083935/https://repression.info/ru
ovd:r:ru-kem,Кемеровская область,Kemerovo Oblast,2026-02-03,20,https://web.archive.org/web/20260203181815/https://repression.info/ru
ovd:r:ru-kem,Кемеровская область,Kemerovo Oblast,2026-03-01,20,https://web.archive.org/web/20260301185403/https://repression.info/ru
ovd:r:ru-kem,Кемеровская область,Kemerovo Oblast,2026-10-07,21,https://repression.info/ru
ovd:r:ru-kir,Кировская область,Kirov Oblast,2025-07-02,15,https://web.archive.org/web/20250702125146/https://repression.info/ru
ovd:r:ru-kir,Кировская область,Kirov Oblast,2025-08-02,15,https://web.archive.org/web/20250802121551/https://repression.info/ru
ovd:r:ru-kir,Кировская область,Kirov Oblast,2025-11-12,17,https://web.archive.org/web/20251112231921/https://repression.info/ru
ovd:r:ru-kir,Кировская область,Kirov Oblast,2025-12-01,17,https://web.archive.org/web/20251201093118/https://repression.info/ru
ovd:r:ru-kir,Кировская область,Kirov Oblast,2026-01-07,18,https://web.archive.org/web/20260107083935/https://repression.info/ru
ovd:r:ru-kir,Кировская область,Kirov Oblast,2026-02-03,18,https://web.archive.org/web/20260203181815/https://repression.info/ru
ovd:r:ru-kir,Кировская область,Kirov Oblast,2026-03-01,18,https://web.archive.org/web/20260301185403/https://repression.info/ru
ovd:r:ru-kir,Кировская область,Kirov Oblast,2026-10-07,17,https://repression.info/ru
ovd:r:ru-kos,Костромская область,Kostroma Oblast,2025-07-02,6,https://web.archive.org/web/20250702125146/https://repression.info/ru
ovd:r:ru-kos,Костромская область,Kostroma Oblast,2025-08-02,6,https://web.archive.org/web/20250802121551/https://repression.info/ru
ovd:r:ru-kos,Костромская область,Kostroma Oblast,2025-11-12,6,https://web.archive.org/web/20251112231921/https://repression.info/ru
ovd:r:ru-kos,Костромская область,Kostroma Oblast,2025-12-01,6,https://web.archive.org/web/20251201093118/https://repression.info/ru
ovd:r:ru-kos,Костромская область,Kostroma Oblast,2026-01-07,6,https://web.archive.org/web/20260107083935/https://repression.info/ru
ovd:r:ru-kos,Костромская область,Kostroma Oblast,2026-02-03,7,https://web.archive.org/web/20260203181815/https://repression.info/ru
ovd:r:ru-kos,Костромская область,Kostroma Oblast,2026-03-01,7,https://web.archive.org/web/20260301185403/https://repression.info/ru
ovd:r:ru-kos,Костромская область,Kostroma Oblast,2026-10-07,7,https://repression.info/ru
ovd:r:ru-kda,Краснодарский край,Krasnodar Krai,2025-07-02,35,https://web.archive.org/web/20250702125146/https://repression.info/ru
ovd:r:ru-kda,Краснодарский край,Krasnodar Krai,2025-08-02,36,https://web.archive.org/web/20250802121551/https://repression.info/ru
ovd:r:ru-kda,Краснодарский край,Krasnodar Krai,2025-11-12,38,https://web.archive.org/web/20251112231921/https://repression.info/ru
ovd:r:ru-kda,Краснодарский край,Krasnodar Krai,2025-12-01,40,https://web.archive.org/web/20251201093118/https://repression.info/ru
ovd:r:ru-kda,Краснодарский край,Krasnodar Krai,2026-01-07,39,https://web.archive.org/web/20260107083935/https://repression.info/ru
ovd:r:ru-kda,Краснодарский край,Krasnodar Krai,2026-02-03,39,https://web.archive.org/web/20260203181815/https://repression.info/ru
ovd:r:ru-kda,Краснодарский край,Krasnodar Krai,2026-03-01,39,https://web.archive.org/web/20260301185403/https://repression.info/ru
ovd:r:ru-kda,Краснодарский край,Krasnodar Krai,2026-10-07,43,https://repression.info/ru
ovd:r:ru-kya,Красноярский край,Krasnoyarsk Krai,2025-07-02,23,https://web.archive.org/web/20250702125146/https://repression.info/ru
ovd:r:ru-kya,Красноярский край,Krasnoyarsk Krai,2025-08-02,23,https://web.archive.org/web/20250802121551/https://repression.info/ru
ovd:r:ru-kya,Красноярский край,Krasnoyarsk Krai,2025-11-12,26,https://web.archive.org/web/20251112231921/https://repression.info/ru
ovd:r:ru-kya,Красноярский край,Krasnoyarsk Krai,2025-12-01,26,https://web.archive.org/web/20251201093118/https://repression.info/ru
ovd:r:ru-kya,Красноярский край,Krasnoyarsk Krai,2026-01-07,26,https://web.archive.org/web/20260107083935/https://repression.info/ru
ovd:r:ru-kya,Красноярский край,Krasnoyarsk Krai,2026-02-03,26,https://web.archive.org/web/20260203181815/https://repression.info/ru
ovd:r:ru-kya,Красноярский край,Krasnoyarsk Krai,2026-03-01,26,https://web.archive.org/web/20260301185403/https://repression.info/ru
ovd:r:ru-kya,Красноярский край,Krasnoyarsk Krai,2026-10-07,26,https://repression.info/ru
ovd:r:ru-kgn,Курганская область,Kurgan Oblast,2025-07-02,7,https://web.archive.org/web/20250702125146/https://repression.info/ru
ovd:r:ru-kgn,Курганская область,Kurgan Oblast,2025-08-02,7,https://web.archive.org/web/20250802121551/https://repression.info/ru
ovd:r:ru-kgn,Курганская область,Kurgan Oblast,2025-11-12,7,https://web.archive.org/web/20251112231921/https://repression.info/ru
ovd:r:ru-kgn,Курганская область,Kurgan Oblast,2025-12-01,7,https://web.archive.org/web/20251201093118/https://repression.info/ru
ovd:r:ru-kgn,Курганская область,Kurgan Oblast,2026-01-07,7,https://web.archive.org/web/20260107083935/https://repression.info/ru
ovd:r:ru-kgn,Курганская область,Kurgan Oblast,2026-02-03,7,https://web.archive.org/web/20260203181815/https://repression.info/ru
ovd:r:ru-kgn,Курганская область,Kurgan Oblast,2026-03-01,7,https://web.archive.org/web/20260301185403/https://repression.info/ru
ovd:r:ru-kgn,Курганская область,Kurgan Oblast,2026-10-07,8,https://repression.info/ru
ovd:r:ru-krs,Курская область,Kursk Oblast,2025-07-02,1,https://web.archive.org/web/20250702125146/https://repression.info/ru
ovd:r:ru-krs,Курская область,Kursk Oblast,2025-08-02,1,https://web.archive.org/web/20250802121551/https://repression.info/ru
ovd:r:ru-krs,Курская область,Kursk Oblast,2025-11-12,2,https://web.archive.org/web/20251112231921/https://repression.info/ru
ovd:r:ru-krs,Курская область,Kursk Oblast,2025-12-01,2,https://web.archive.org/web/20251201093118/https://repression.info/ru
ovd:r:ru-krs,Курская область,Kursk Oblast,2026-01-07,2,https://web.archive.org/web/20260107083935/https://repression.info/ru
ovd:r:ru-krs,Курская область,Kursk Oblast,2026-02-03,2,https://web.archive.org/web/20260203181815/https://repression.info/ru
ovd:r:ru-krs,Курская область,Kursk Oblast,2026-03-01,2,https://web.archive.org/web/20260301185403/https://repression.info/ru
ovd:r:ru-krs,Курская область,Kursk Oblast,2026-10-07,3,https://repression.info/ru
ovd:r:ru-len,Ленинградская область,Leningrad Oblast,2025-07-02,12,https://web.archive.org/web/20250702125146/https://repression.info/ru
ovd:r:ru-len,Ленинградская область,Leningrad Oblast,2025-08-02,12,https://web.archive.org/web/20250802121551/https://repression.info/ru
ovd:r:ru-len,Ленинградская область,Leningrad Oblast,2025-11-12,12,https://web.archive.org/web/20251112231921/https://repression.info/ru
ovd:r:ru-len,Ленинградская область,Leningrad Oblast,2025-12-01,13,https://web.archive.org/web/20251201093118/https://repression.info/ru
ovd:r:ru-len,Ленинградская область,Leningrad Oblast,2026-01-07,15,https://web.archive.org/web/20260107083935/https://repression.info/ru
ovd:r:ru-len,Ленинградская область,Leningrad Oblast,2026-02-03,15,https://web.archive.org/web/20260203181815/https://repression.info/ru
ovd:r:ru-len,Ленинградская область,Leningrad Oblast,2026-03-01,15,https://web.archive.org/web/20260301185403/https://repression.info/ru
ovd:r:ru-len,Ленинградская область,Leningrad Oblast,2026-10-07,16,https://repression.info/ru
ovd:r:ru-lip,Липецкая область,Lipetsk Oblast,2025-07-02,6,https://web.archive.org/web/20250702125146/https://repression.info/ru
ovd:r:ru-lip,Липецкая область,Lipetsk Oblast,2025-08-02,6,https://web.archive.org/web/20250802121551/https://repression.info/ru
ovd:r:ru-lip,Липецкая область,Lipetsk Oblast,2025-11-12,6,https://web.archive.org/web/20251112231921/https://repression.info/ru
ovd:r:ru-lip,Липецкая область,Lipetsk Oblast,2025-12-01,6,https://web.archive.org/web/20251201093118/https://repression.info/ru
ovd:r:ru-lip,Липецкая область,Lipetsk Oblast,2026-01-07,6,https://web.archive.org/web/20260107083935/https://repression.info/ru
ovd:r:ru-lip,Липецкая область,Lipetsk Oblast,2026-02-03,6,https://web.archive.org/web/20260203181815/https://repression.info/ru
ovd:r:ru-lip,Липецкая область,Lipetsk Oblast,2026-03-01,6,https://web.archive.org/web/20260301185403/https://repression.info/ru
ovd:r:ru-lip,Липецкая область,Lipetsk Oblast,2026-10-07,6,https://repression.info/ru
ovd:r:ru-mag,Магаданская область,Magadan Oblast,2025-07-02,6,https://web.archive.org/web/20250702125146/https://repression.info/ru
ovd:r:ru-mag,Магаданская область,Magadan Oblast,2025-08-02,6,https://web.archive.org/web/20250802121551/https://repression.info/ru
ovd:r:ru-mag,Магаданская область,Magadan Oblast,2025-11-12,6,https://web.archive.org/web/20251112231921/https://repression.info/ru
ovd:r:ru-mag,Магаданская область,Magadan Oblast,2025-12-01,6,https://web.archive.org/web/20251201093118/https://repression.info/ru
ovd:r:ru-mag,Магаданская область,Magadan Oblast,2026-01-07,6,https://web.archive.org/web/20260107083935/https://repression.info/ru
ovd:r:ru-mag,Магаданская область,Magadan Oblast,2026-02-03,6,https://web.archive.org/web/20260203181815/https://repression.info/ru
ovd:r:ru-mag,Магаданская область,Magadan Oblast,2026-03-01,6,https://web.archive.org/web/20260301185403/https://repression.info/ru
ovd:r:ru-mag,Магаданская область,Magadan Oblast,2026-10-07,6,https://repression.info/ru
ovd:r:ru-mow,Москва,Moscow,2025-07-02,184,https://web.archive.org/web/20250702125146/https://repression.info/ru
ovd:r:ru-mow,Москва,Moscow,2025-08-02,193,https://web.archive.org/web/20250802121551/https://repression.info/ru
ovd:r:ru-mow,Москва,Moscow,2025-11-12,202,https://web.archive.org/web/20251112231921/https://repression.info/ru
ovd:r:ru-mow,Москва,Moscow,2025-12-01,204,https://web.archive.org/web/20251201093118/https://repression.info/ru
ovd:r:ru-mow,Москва,Moscow,2026-01-07,206,https://web.archive.org/web/20260107083935/https://repression.info/ru
ovd:r:ru-mow,Москва,Moscow,2026-02-03,207,https://web.archive.org/web/20260203181815/https://repression.info/ru
ovd:r:ru-mow,Москва,Moscow,2026-03-01,208,https://web.archive.org/web/20260301185403/https://repression.info/ru
ovd:r:ru-mow,Москва,Moscow,2026-10-07,213,https://repression.info/ru
ovd:r:ru-mos,Московская область,Moscow Oblast,2025-07-02,29,https://web.archive.org/web/20250702125146/https://repression.info/ru
ovd:r:ru-mos,Московская область,Moscow Oblast,2025-08-02,33,https://web.archive.org/web/20250802121551/https://repression.info/ru
ovd:r:ru-mos,Московская область,Moscow Oblast,2025-11-12,34,https://web.archive.org/web/20251112231921/https://repression.info/ru
ovd:r:ru-mos,Московская область,Moscow Oblast,2025-12-01,34,https://web.archive.org/web/20251201093118/https://repression.info/ru
ovd:r:ru-mos,Московская область,Moscow Oblast,2026-01-07,34,https://web.archive.org/web/20260107083935/https://repression.info/ru
ovd:r:ru-mos,Московская область,Moscow Oblast,2026-02-03,34,https://web.archive.org/web/20260203181815/https://repression.info/ru
ovd:r:ru-mos,Московская область,Moscow Oblast,2026-03-01,36,https://web.archive.org/web/20260301185403/https://repression.info/ru
ovd:r:ru-mos,Московская область,Moscow Oblast,2026-10-07,39,https://repression.info/ru
ovd:r:ru-mur,Мурманская область,Murmansk Oblast,2025-07-02,11,https://web.archive.org/web/20250702125146/https://repression.info/ru
ovd:r:ru-mur,Мурманская область,Murmansk Oblast,2025-08-02,11,https://web.archive.org/web/20250802121551/https://repression.info/ru
ovd:r:ru-mur,Мурманская область,Murmansk Oblast,2025-11-12,13,https://web.archive.org/web/20251112231921/https://repression.info/ru
ovd:r:ru-mur,Мурманская область,Murmansk Oblast,2025-12-01,13,https://web.archive.org/web/20251201093118/https://repression.info/ru
ovd:r:ru-mur,Мурманская область,Murmansk Oblast,2026-01-07,13,https://web.archive.org/web/20260107083935/https://repression.info/ru
ovd:r:ru-mur,Мурманская область,Murmansk Oblast,2026-02-03,13,https://web.archive.org/web/20260203181815/https://repression.info/ru
ovd:r:ru-mur,Мурманская область,Murmansk Oblast,2026-03-01,13,https://web.archive.org/web/20260301185403/https://repression.info/ru
ovd:r:ru-mur,Мурманская область,Murmansk Oblast,2026-10-07,14,https://repression.info/ru
ovd:r:ru-nen,Ненецкий автономный округ,Nenets Autonomous Okrug,2025-07-02,1,https://web.archive.org/web/20250702125146/https://repression.info/ru
ovd:r:ru-nen,Ненецкий автономный округ,Nenets Autonomous Okrug,2025-08-02,1,https://web.archive.org/web/20250802121551/https://repression.info/ru
ovd:r:ru-nen,Ненецкий автономный округ,Nenets Autonomous Okrug,2025-11-12,1,https://web.archive.org/web/20251112231921/https://repression.info/ru
ovd:r:ru-nen,Ненецкий автономный округ,Nenets Autonomous Okrug,2025-12-01,1,https://web.archive.org/web/20251201093118/https://repression.info/ru
ovd:r:ru-nen,Ненецкий автономный округ,Nenets Autonomous Okrug,2026-01-07,1,https://web.archive.org/web/20260107083935/https://repression.info/ru
ovd:r:ru-nen,Ненецкий автономный округ,Nenets Autonomous Okrug,2026-02-03,1,https://web.archive.org/web/20260203181815/https://repression.info/ru
ovd:r:ru-nen,Ненецкий автономный округ,Nenets Autonomous Okrug,2026-03-01,1,https://web.archive.org/web/20260301185403/https://repression.info/ru
ovd:r:ru-nen,Ненецкий автономный округ,Nenets Autonomous Okrug,2026-10-07,1,https://repression.info/ru
ovd:r:ru-niz,Нижегородская область,Nizhny Novgorod Oblast,2025-07-02,19,https://web.archive.org/web/20250702125146/https://repression.info/ru
ovd:r:ru-niz,Нижегородская область,Nizhny Novgorod Oblast,2025-08-02,19,https://web.archive.org/web/20250802121551/https://repression.info/ru
ovd:r:ru-niz,Нижегородская область,Nizhny Novgorod Oblast,2025-11-12,20,https://web.archive.org/web/20251112231921/https://repression.info/ru
ovd:r:ru-niz,Нижегородская область,Nizhny Novgorod Oblast,2025-12-01,20,https://web.archive.org/web/20251201093118/https://repression.info/ru
ovd:r:ru-niz,Нижегородская область,Nizhny Novgorod Oblast,2026-01-07,21,https://web.archive.org/web/20260107083935/https://repression.info/ru
ovd:r:ru-niz,Нижегородская область,Nizhny Novgorod Oblast,2026-02-03,21,https://web.archive.org/web/20260203181815/https://repression.info/ru
ovd:r:ru-niz,Нижегородская область,Nizhny Novgorod Oblast,2026-03-01,21,https://web.archive.org/web/20260301185403/https://repression.info/ru
ovd:r:ru-niz,Нижегородская область,Nizhny Novgorod Oblast,2026-10-07,23,https://repression.info/ru
ovd:r:ru-ngr,Новгородская область,Novgorod Oblast,2025-07-02,1,https://web.archive.org/web/20250702125146/https://repression.info/ru
ovd:r:ru-ngr,Новгородская область,Novgorod Oblast,2025-08-02,1,https://web.archive.org/web/20250802121551/https://repression.info/ru
ovd:r:ru-ngr,Новгородская область,Novgorod Oblast,2025-11-12,2,https://web.archive.org/web/20251112231921/https://repression.info/ru
ovd:r:ru-ngr,Новгородская область,Novgorod Oblast,2025-12-01,2,https://web.archive.org/web/20251201093118/https://repression.info/ru
ovd:r:ru-ngr,Новгородская область,Novgorod Oblast,2026-01-07,2,https://web.archive.org/web/20260107083935/https://repression.info/ru
ovd:r:ru-ngr,Новгородская область,Novgorod Oblast,2026-02-03,2,https://web.archive.org/web/20260203181815/https://repression.info/ru
ovd:r:ru-ngr,Новгородская область,Novgorod Oblast,2026-03-01,2,https://web.archive.org/web/20260301185403/https://repression.info/ru
ovd:r:ru-ngr,Новгородская область,Novgorod Oblast,2026-10-07,2,https://repression.info/ru
ovd:r:ru-nvs,Новосибирская область,Novosibirsk Oblast,2025-07-02,16,https://web.archive.org/web/20250702125146/https://repression.info/ru
ovd:r:ru-nvs,Новосибирская область,Novosibirsk Oblast,2025-08-02,16,https://web.archive.org/web/20250802121551/https://repression.info/ru
ovd:r:ru-nvs,Новосибирская область,Novosibirsk Oblast,2025-11-12,16,https://web.archive.org/web/20251112231921/https://repression.info/ru
ovd:r:ru-nvs,Новосибирская область,Novosibirsk Oblast,2025-12-01,16,https://web.archive.org/web/20251201093118/https://repression.info/ru
ovd:r:ru-nvs,Новосибирская область,Novosibirsk Oblast,2026-01-07,16,https://web.archive.org/web/20260107083935/https://repression.info/ru
ovd:r:ru-nvs,Новосибирская область,Novosibirsk Oblast,2026-02-03,16,https://web.archive.org/web/20260203181815/https://repression.info/ru
ovd:r:ru-nvs,Новосибирская область,Novosibirsk Oblast,2026-03-01,16,https://web.archive.org/web/20260301185403/https://repression.info/ru
ovd:r:ru-nvs,Новосибирская область,Novosibirsk Oblast,2026-10-07,18,https://repression.info/ru
ovd:r:ru-oms,Омская область,Omsk Oblast,2025-07-02,11,https://web.archive.org/web/20250702125146/https://repression.info/ru
ovd:r:ru-oms,Омская область,Omsk Oblast,2025-08-02,11,https://web.archive.org/web/20250802121551/https://repression.info/ru
ovd:r:ru-oms,Омская область,Omsk Oblast,2025-11-12,12,https://web.archive.org/web/20251112231921/https://repression.info/ru
ovd:r:ru-oms,Омская область,Omsk Oblast,2025-12-01,12,https://web.archive.org/web/20251201093118/https://repression.info/ru
ovd:r:ru-oms,Омская область,Omsk Oblast,2026-01-07,12,https://web.archive.org/web/20260107083935/https://repression.info/ru
ovd:r:ru-oms,Омская область,Omsk Oblast,2026-02-03,13,https://web.archive.org/web/20260203181815/https://repression.info/ru
ovd:r:ru-oms,Омская область,Omsk Oblast,2026-03-01,13,https://web.archive.org/web/20260301185403/https://repression.info/ru
ovd:r:ru-oms,Омская область,Omsk Oblast,2026-10-07,13,https://repression.info/ru
ovd:r:ru-ore,Оренбургская область,Orenburg Oblast,2025-07-02,13,https://web.archive.org/web/20250702125146/https://repression.info/ru
ovd:r:ru-ore,Оренбургская область,Orenburg Oblast,2025-08-02,13,https://web.archive.org/web/20250802121551/https://repression.info/ru
ovd:r:ru-ore,Оренбургская область,Orenburg Oblast,2025-11-12,14,https://web.archive.org/web/20251112231921/https://repression.info/ru
ovd:r:ru-ore,Оренбургская область,Orenburg Oblast,2025-12-01,14,https://web.archive.org/web/20251201093118/https://repression.info/ru
ovd:r:ru-ore,Оренбургская область,Orenburg Oblast,2026-01-07,14,https://web.archive.org/web/20260107083935/https://repression.info/ru
ovd:r:ru-ore,Оренбургская область,Orenburg Oblast,2026-02-03,14,https://web.archive.org/web/20260203181815/https://repression.info/ru
ovd:r:ru-ore,Оренбургская область,Orenburg Oblast,2026-03-01,14,https://web.archive.org/web/20260301185403/https://repression.info/ru
ovd:r:ru-ore,Оренбургская область,Orenburg Oblast,2026-10-07,15,https://repression.info/ru
ovd:r:ru-orl,Орловская область,Oryol Oblast,2025-07-02,8,https://web.archive.org/web/20250702125146/https://repression.info/ru
ovd:r:ru-orl,Орловская область,Oryol Oblast,2025-08-02,8,https://web.archive.org/web/20250802121551/https://repression.info/ru
ovd:r:ru-orl,Орловская область,Oryol Oblast,2025-11-12,8,https://web.archive.org/web/20251112231921/https://repression.info/ru
ovd:r:ru-orl,Орловская область,Oryol Oblast,2025-12-01,9,https://web.archive.org/web/20251201093118/https://repression.info/ru
ovd:r:ru-orl,Орловская область,Oryol Oblast,2026-01-07,9,https://web.archive.org/web/20260107083935/https://repression.info/ru
ovd:r:ru-orl,Орловская область,Oryol Oblast,2026-02-03,9,https://web.archive.org/web/20260203181815/https://repression.info/ru
ovd:r:ru-orl,Орловская область,Oryol Oblast,2026-03-01,9,https://web.archive.org/web/20260301185403/https://repression.info/ru
ovd:r:ru-orl,Орловская область,Oryol Oblast,2026-10-07,9,https://repression.info/ru
ovd:r:ru-pnz,Пензенская область,Penza Oblast,2025-07-02,8,https://web.archive.org/web/20250702125146/https://repression.info/ru
ovd:r:ru-pnz,Пензенская область,Penza Oblast,2025-08-02,8,https://web.archive.org/web/20250802121551/https://repression.info/ru
ovd:r:ru-pnz,Пензенская область,Penza Oblast,2025-11-12,10,https://web.archive.org/web/20251112231921/https://repression.info/ru
ovd:r:ru-pnz,Пензенская область,Penza Oblast,2025-12-01,10,https://web.archive.org/web/20251201093118/https://repression.info/ru
ovd:r:ru-pnz,Пензенская область,Penza Oblast,2026-01-07,10,https://web.archive.org/web/20260107083935/https://repression.info/ru
ovd:r:ru-pnz,Пензенская область,Penza Oblast,2026-02-03,10,https://web.archive.org/web/20260203181815/https://repression.info/ru
ovd:r:ru-pnz,Пензенская область,Penza Oblast,2026-03-01,10,https://web.archive.org/web/20260301185403/https://repression.info/ru
ovd:r:ru-pnz,Пензенская область,Penza Oblast,2026-10-07,10,https://repression.info/ru
ovd:r:ru-per,Пермский край,Perm Krai,2025-07-02,5,https://web.archive.org/web/20250702125146/https://repression.info/ru
ovd:r:ru-per,Пермский край,Perm Krai,2025-08-02,5,https://web.archive.org/web/20250802121551/https://repression.info/ru
ovd:r:ru-per,Пермский край,Perm Krai,2025-11-12,5,https://web.archive.org/web/20251112231921/https://repression.info/ru
ovd:r:ru-per,Пермский край,Perm Krai,2025-12-01,5,https://web.archive.org/web/20251201093118/https://repression.info/ru
ovd:r:ru-per,Пермский край,Perm Krai,2026-01-07,5,https://web.archive.org/web/20260107083935/https://repression.info/ru
ovd:r:ru-per,Пермский край,Perm Krai,2026-02-03,5,https://web.archive.org/web/20260203181815/https://repression.info/ru
ovd:r:ru-per,Пермский край,Perm Krai,2026-03-01,5,https://web.archive.org/web/20260301185403/https://repression.info/ru
ovd:r:ru-per,Пермский край,Perm Krai,2026-10-07,5,https://repression.info/ru
ovd:r:ru-pri,Приморский край,Primorsky Krai,2025-07-02,22,https://web.archive.org/web/20250702125146/https://repression.info/ru
ovd:r:ru-pri,Приморский край,Primorsky Krai,2025-08-02,23,https://web.archive.org/web/20250802121551/https://repression.info/ru
ovd:r:ru-pri,Приморский край,Primorsky Krai,2025-11-12,23,https://web.archive.org/web/20251112231921/https://repression.info/ru
ovd:r:ru-pri,Приморский край,Primorsky Krai,2025-12-01,23,https://web.archive.org/web/20251201093118/https://repression.info/ru
ovd:r:ru-pri,Приморский край,Primorsky Krai,2026-01-07,23,https://web.archive.org/web/20260107083935/https://repression.info/ru
ovd:r:ru-pri,Приморский край,Primorsky Krai,2026-02-03,23,https://web.archive.org/web/20260203181815/https://repression.info/ru
ovd:r:ru-pri,Приморский край,Primorsky Krai,2026-03-01,23,https://web.archive.org/web/20260301185403/https://repression.info/ru
ovd:r:ru-pri,Приморский край,Primorsky Krai,2026-10-07,22,https://repression.info/ru
ovd:r:ru-psk,Псковская область,Pskov Oblast,2025-07-02,6,https://web.archive.org/web/20250702125146/https://repression.info/ru
ovd:r:ru-psk,Псковская область,Pskov Oblast,2025-08-02,6,https://web.archive.org/web/20250802121551/https://repression.info/ru
ovd:r:ru-psk,Псковская область,Pskov Oblast,2025-11-12,9,https://web.archive.org/web/20251112231921/https://repression.info/ru
ovd:r:ru-psk,Псковская область,Pskov Oblast,2025-12-01,10,https://web.archive.org/web/20251201093118/https://repression.info/ru
ovd:r:ru-psk,Псковская область,Pskov Oblast,2026-01-07,10,https://web.archive.org/web/20260107083935/https://repression.info/ru
ovd:r:ru-psk,Псковская область,Pskov Oblast,2026-02-03,10,https://web.archive.org/web/20260203181815/https://repression.info/ru
ovd:r:ru-psk,Псковская область,Pskov Oblast,2026-03-01,11,https://web.archive.org/web/20260301185403/https://repression.info/ru
ovd:r:ru-psk,Псковская область,Pskov Oblast,2026-10-07,11,https://repression.info/ru
ovd:r:ru-ad,Адыгея,Adygea,2025-07-02,5,https://web.archive.org/web/20250702125146/https://repression.info/ru
ovd:r:ru-ad,Адыгея,Adygea,2025-08-02,5,https://web.archive.org/web/20250802121551/https://repression.info/ru
ovd:r:ru-ad,Адыгея,Adygea,2025-11-12,5,https://web.archive.org/web/20251112231921/https://repression.info/ru
ovd:r:ru-ad,Адыгея,Adygea,2025-12-01,5,https://web.archive.org/web/20251201093118/https://repression.info/ru
ovd:r:ru-ad,Адыгея,Adygea,2026-01-07,5,https://web.archive.org/web/20260107083935/https://repression.info/ru
ovd:r:ru-ad,Адыгея,Adygea,2026-02-03,5,https://web.archive.org/web/20260203181815/https://repression.info/ru
ovd:r:ru-ad,Адыгея,Adygea,2026-03-01,5,https://web.archive.org/web/20260301185403/https://repression.info/ru
ovd:r:ru-ad,Адыгея,Adygea,2026-10-07,5,https://repression.info/ru
ovd:r:ru-al,Республика Алтай,Altai Republic,2025-07-02,3,https://web.archive.org/web/20250702125146/https://repression.info/ru
ovd:r:ru-al,Республика Алтай,Altai Republic,2025-08-02,3,https://web.archive.org/web/20250802121551/https://repression.info/ru
ovd:r:ru-al,Республика Алтай,Altai Republic,2025-11-12,4,https://web.archive.org/web/20251112231921/https://repression.info/ru
ovd:r:ru-al,Республика Алтай,Altai Republic,2025-12-01,4,https://web.archive.org/web/20251201093118/https://repression.info/ru
ovd:r:ru-al,Республика Алтай,Altai Republic,2026-01-07,4,https://web.archive.org/web/20260107083935/https://repression.info/ru
ovd:r:ru-al,Республика Алтай,Altai Republic,2026-02-03,4,https://web.archive.org/web/20260203181815/https://repression.info/ru
ovd:r:ru-al,Республика Алтай,Altai Republic,2026-03-01,4,https://web.archive.org/web/20260301185403/https://repression.info/ru
ovd:r:ru-al,Республика Алтай,Altai Republic,2026-10-07,4,https://repression.info/ru
ovd:r:ru-ba,Башкортостан,Bashkortostan,2025-07-02,12,https://web.archive.org/web/20250702125146/https://repression.info/ru
ovd:r:ru-ba,Башкортостан,Bashkortostan,2025-08-02,12,https://web.archive.org/web/20250802121551/https://repression.info/ru
ovd:r:ru-ba,Башкортостан,Bashkortostan,2025-11-12,15,https://web.archive.org/web/20251112231921/https://repression.info/ru
ovd:r:ru-ba,Башкортостан,Bashkortostan,2025-12-01,15,https://web.archive.org/web/20251201093118/https://repression.info/ru
ovd:r:ru-ba,Башкортостан,Bashkortostan,2026-01-07,16,https://web.archive.org/web/20260107083935/https://repression.info/ru
ovd:r:ru-ba,Башкортостан,Bashkortostan,2026-02-03,16,https://web.archive.org/web/20260203181815/https://repression.info/ru
ovd:r:ru-ba,Башкортостан,Bashkortostan,2026-03-01,16,https://web.archive.org/web/20260301185403/https://repression.info/ru
ovd:r:ru-ba,Башкортостан,Bashkortostan,2026-10-07,16,https://repression.info/ru
ovd:r:ru-bu,Бурятия,Buryatia,2025-07-02,9,https://web.archive.org/web/20250702125146/https://repression.info/ru
ovd:r:ru-bu,Бурятия,Buryatia,2025-08-02,9,https://web.archive.org/web/20250802121551/https://repression.info/ru
ovd:r:ru-bu,Бурятия,Buryatia,2025-11-12,9,https://web.archive.org/web/20251112231921/https://repression.info/ru
ovd:r:ru-bu,Бурятия,Buryatia,2025-12-01,9,https://web.archive.org/web/20251201093118/https://repression.info/ru
ovd:r:ru-bu,Бурятия,Buryatia,2026-01-07,9,https://web.archive.org/web/20260107083935/https://repression.info/ru
ovd:r:ru-bu,Бурятия,Buryatia,2026-02-03,9,https://web.archive.org/web/20260203181815/https://repression.info/ru
ovd:r:ru-bu,Бурятия,Buryatia,2026-03-01,9,https://web.archive.org/web/20260301185403/https://repression.info/ru
ovd:r:ru-bu,Бурятия,Buryatia,2026-10-07,10,https://repression.info/ru
ovd:r:ru-da,Дагестан,Dagestan,2025-07-02,18,https://web.archive.org/web/20250702125146/https://repression.info/ru
ovd:r:ru-da,Дагестан,Dagestan,2025-08-02,18,https://web.archive.org/web/20250802121551/https://repression.info/ru
ovd:r:ru-da,Дагестан,Dagestan,2025-11-12,19,https://web.archive.org/web/20251112231921/https://repression.info/ru
ovd:r:ru-da,Дагестан,Dagestan,2025-12-01,19,https://web.archive.org/web/20251201093118/https://repression.info/ru
ovd:r:ru-da,Дагестан,Dagestan,2026-01-07,19,https://web.archive.org/web/20260107083935/https://repression.info/ru
ovd:r:ru-da,Дагестан,Dagestan,2026-02-03,19,https://web.archive.org/web/20260203181815/https://repression.info/ru
ovd:r:ru-da,Дагестан,Dagestan,2026-03-01,19,https://web.archive.org/web/20260301185403/https://repression.info/ru
ovd:r:ru-da,Дагестан,Dagestan,2026-10-07,19,https://repression.info/ru
ovd:r:ru-in,Ингушетия,Ingushetia,2025-07-02,3,https://web.archive.org/web/20250702125146/https://repression.info/ru
ovd:r:ru-in,Ингушетия,Ingushetia,2025-08-02,3,https://web.archive.org/web/20250802121551/https://repression.info/ru
ovd:r:ru-in,Ингушетия,Ingushetia,2025-11-12,3,https://web.archive.org/web/20251112231921/https://repression.info/ru
ovd:r:ru-in,Ингушетия,Ingushetia,2025-12-01,3,https://web.archive.org/web/20251201093118/https://repression.info/ru
ovd:r:ru-in,Ингушетия,Ingushetia,2026-01-07,3,https://web.archive.org/web/20260107083935/https://repression.info/ru
ovd:r:ru-in,Ингушетия,Ingushetia,2026-02-03,3,https://web.archive.org/web/20260203181815/https://repression.info/ru
ovd:r:ru-in,Ингушетия,Ingushetia,2026-03-01,3,https://web.archive.org/web/20260301185403/https://repression.info/ru
ovd:r:ru-in,Ингушетия,Ingushetia,2026-10-07,3,https://repression.info/ru
ovd:r:ru-kl,Калмыкия,Kalmykia,2025-07-02,5,https://web.archive.org/web/20250702125146/https://repression.info/ru
ovd:r:ru-kl,Калмыкия,Kalmykia,2025-08-02,5,https://web.archive.org/web/20250802121551/https://repression.info/ru
ovd:r:ru-kl,Калмыкия,Kalmykia,2025-11-12,5,https://web.archive.org/web/20251112231921/https://repression.info/ru
ovd:r:ru-kl,Калмыкия,Kalmykia,2025-12-01,5,https://web.archive.org/web/20251201093118/https://repression.info/ru
ovd:r:ru-kl,Калмыкия,Kalmykia,2026-01-07,5,https://web.archive.org/web/20260107083935/https://repression.info/ru
ovd:r:ru-kl,Калмыкия,Kalmykia,2026-02-03,6,https://web.archive.org/web/20260203181815/https://repression.info/ru
ovd:r:ru-kl,Калмыкия,Kalmykia,2026-03-01,6,https://web.archive.org/web/20260301185403/https://repression.info/ru
ovd:r:ru-kl,Калмыкия,Kalmykia,2026-10-07,6,https://repression.info/ru
ovd:r:ru-kr,Карелия,Karelia,2025-07-02,11,https://web.archive.org/web/20250702125146/https://repression.info/ru
ovd:r:ru-kr,Карелия,Karelia,2025-08-02,11,https://web.archive.org/web/20250802121551/https://repression.info/ru
ovd:r:ru-kr,Карелия,Karelia,2025-11-12,11,https://web.archive.org/web/20251112231921/https://repression.info/ru
ovd:r:ru-kr,Карелия,Karelia,2025-12-01,11,https://web.archive.org/web/20251201093118/https://repression.info/ru
ovd:r:ru-kr,Карелия,Karelia,2026-01-07,11,https://web.archive.org/web/20260107083935/https://repression.info/ru
ovd:r:ru-kr,Карелия,Karelia,2026-02-03,11,https://web.archive.org/web/20260203181815/https://repression.info/ru
ovd:r:ru-kr,Карелия,Karelia,2026-03-01,11,https://web.archive.org/web/20260301185403/https://repression.info/ru
ovd:r:ru-kr,Карелия,Karelia,2026-10-07,13,https://repression.info/ru
ovd:r:ru-ko,Республика Коми,Komi,2025-07-02,19,https://web.archive.org/web/20250702125146/https://repression.info/ru
ovd:r:ru-ko,Республика Коми,Komi,2025-08-02,19,https://web.archive.org/web/20250802121551/https://repression.info/ru
ovd:r:ru-ko,Республика Коми,Komi,2025-11-12,19,https://web.archive.org/web/20251112231921/https://repression.info/ru
ovd:r:ru-ko,Республика Коми,Komi,2025-12-01,20,https://web.archive.org/web/20251201093118/https://repression.info/ru
ovd:r:ru-ko,Республика Коми,Komi,2026-01-07,20,https://web.archive.org/web/20260107083935/https://repression.info/ru
ovd:r:ru-ko,Республика Коми,Komi,2026-02-03,20,https://web.archive.org/web/20260203181815/https://repression.info/ru
ovd:r:ru-ko,Республика Коми,Komi,2026-03-01,20,https://web.archive.org/web/20260301185403/https://repression.info/ru
ovd:r:ru-ko,Республика Коми,Komi,2026-10-07,20,https://repression.info/ru
ovd:r:ua-43,Крым (оккупирован),Crimea (occupied),2025-07-02,31,https://web.archive.org/web/20250702125146/https://repression.info/ru
ovd:r:ua-43,Крым (оккупирован),Crimea (occupied),2025-08-02,31,https://web.archive.org/web/20250802121551/https://repression.info/ru
ovd:r:ua-43,Крым (оккупирован),Crimea (occupied),2025-11-12,33,https://web.archive.org/web/20251112231921/https://repression.info/ru
ovd:r:ua-43,Крым (оккупирован),Crimea (occupied),2025-12-01,33,https://web.archive.org/web/20251201093118/https://repression.info/ru
ovd:r:ua-43,Крым (оккупирован),Crimea (occupied),2026-01-07,33,https://web.archive.org/web/20260107083935/https://repression.info/ru
ovd:r:ua-43,Крым (оккупирован),Crimea (occupied),2026-02-03,33,https://web.archive.org/web/20260203181815/https://repression.info/ru
ovd:r:ua-43,Крым (оккупирован),Crimea (occupied),2026-03-01,33,https://web.archive.org/web/20260301185403/https://repression.info/ru
ovd:r:ua-43,Крым (оккупирован),Crimea (occupied),2026-10-07,33,https://repression.info/ru
ovd:r:ru-me,Марий Эл,Mari El,2025-07-02,7,https://web.archive.org/web/20250702125146/https://repression.info/ru
ovd:r:ru-me,Марий Эл,Mari El,2025-08-02,7,https://web.archive.org/web/20250802121551/https://repression.info/ru
ovd:r:ru-me,Марий Эл,Mari El,2025-11-12,6,https://web.archive.org/web/20251112231921/https://repression.info/ru
ovd:r:ru-me,Марий Эл,Mari El,2025-12-01,6,https://web.archive.org/web/20251201093118/https://repression.info/ru
ovd:r:ru-me,Марий Эл,Mari El,2026-01-07,6,https://web.archive.org/web/20260107083935/https://repression.info/ru
ovd:r:ru-me,Марий Эл,Mari El,2026-02-03,6,https://web.archive.org/web/20260203181815/https://repression.info/ru
ovd:r:ru-me,Марий Эл,Mari El,2026-03-01,6,https://web.archive.org/web/20260301185403/https://repression.info/ru
ovd:r:ru-me,Марий Эл,Mari El,2026-10-07,6,https://repression.info/ru
ovd:r:ru-mo,Мордовия,Mordovia,2025-07-02,6,https://web.archive.org/web/20250702125146/https://repression.info/ru
ovd:r:ru-mo,Мордовия,Mordovia,2025-08-02,6,https://web.archive.org/web/20250802121551/https://repression.info/ru
ovd:r:ru-mo,Мордовия,Mordovia,2025-11-12,6,https://web.archive.org/web/20251112231921/https://repression.info/ru
ovd:r:ru-mo,Мордовия,Mordovia,2025-12-01,6,https://web.archive.org/web/20251201093118/https://repression.info/ru
ovd:r:ru-mo,Мордовия,Mordovia,2026-01-07,6,https://web.archive.org/web/20260107083935/https://repression.info/ru
ovd:r:ru-mo,Мордовия,Mordovia,2026-02-03,6,https://web.archive.org/web/20260203181815/https://repression.info/ru
ovd:r:ru-mo,Мордовия,Mordovia,2026-03-01,6,https://web.archive.org/web/20260301185403/https://repression.info/ru
ovd:r:ru-mo,Мордовия,Mordovia,2026-10-07,6,https://repression.info/ru
ovd:r:ru-sa,Якутия,Yakutia,2025-07-02,6,https://web.archive.org/web/20250702125146/https://repression.info/ru
ovd:r:ru-sa,Якутия,Yakutia,2025-08-02,6,https://web.archive.org/web/20250802121551/https://repression.info/ru
ovd:r:ru-sa,Якутия,Yakutia,2025-11-12,6,https://web.archive.org/web/20251112231921/https://repression.info/ru
ovd:r:ru-sa,Якутия,Yakutia,2025-12-01,6,https://web.archive.org/web/20251201093118/https://repression.info/ru
ovd:r:ru-sa,Якутия,Yakutia,2026-01-07,7,https://web.archive.org/web/20260107083935/https://repression.info/ru
ovd:r:ru-sa,Якутия,Yakutia,2026-02-03,7,https://web.archive.org/web/20260203181815/https://repression.info/ru
ovd:r:ru-sa,Якутия,Yakutia,2026-03-01,7,https://web.archive.org/web/20260301185403/https://repression.info/ru
ovd:r:ru-sa,Якутия,Yakutia,2026-10-07,7,https://repression.info/ru
ovd:r:ru-se,Северная Осетия,North Ossetia,2025-07-02,6,https://web.archive.org/web/20250702125146/https://repression.info/ru
ovd:r:ru-se,Северная Осетия,North Ossetia,2025-08-02,6,https://web.archive.org/web/20250802121551/https://repression.info/ru
ovd:r:ru-se,Северная Осетия,North Ossetia,2025-11-12,7,https://web.archive.org/web/20251112231921/https://repression.info/ru
ovd:r:ru-se,Северная Осетия,North Ossetia,2025-12-01,7,https://web.archive.org/web/20251201093118/https://repression.info/ru
ovd:r:ru-se,Северная Осетия,North Ossetia,2026-01-07,7,https://web.archive.org/web/20260107083935/https://repression.info/ru
ovd:r:ru-se,Северная Осетия,North Ossetia,2026-02-03,7,https://web.archive.org/web/20260203181815/https://repression.info/ru
ovd:r:ru-se,Северная Осетия,North Ossetia,2026-03-01,7,https://web.archive.org/web/20260301185403/https://repression.info/ru
ovd:r:ru-se,Северная Осетия,North Ossetia,2026-10-07,8,https://repression.info/ru
ovd:r:ru-ta,Татарстан,Tatarstan,2025-07-02,32,https://web.archive.org/web/20250702125146/https://repression.info/ru
ovd:r:ru-ta,Татарстан,Tatarstan,2025-08-02,33,https://web.archive.org/web/20250802121551/https://repression.info/ru
ovd:r:ru-ta,Татарстан,Tatarstan,2025-11-12,33,https://web.archive.org/web/20251112231921/https://repression.info/ru
ovd:r:ru-ta,Татарстан,Tatarstan,2025-12-01,34,https://web.archive.org/web/20251201093118/https://repression.info/ru
ovd:r:ru-ta,Татарстан,Tatarstan,2026-01-07,35,https://web.archive.org/web/20260107083935/https://repression.info/ru
ovd:r:ru-ta,Татарстан,Tatarstan,2026-02-03,35,https://web.archive.org/web/20260203181815/https://repression.info/ru
ovd:r:ru-ta,Татарстан,Tatarstan,2026-03-01,35,https://web.archive.org/web/20260301185403/https://repression.info/ru
ovd:r:ru-ta,Татарстан,Tatarstan,2026-10-07,35,https://repression.info/ru
ovd:r:ru-ty,Тыва,Tuva,2025-07-02,1,https://web.archive.org/web/20250702125146/https://repression.info/ru
ovd:r:ru-ty,Тыва,Tuva,2025-08-02,1,https://web.archive.org/web/20250802121551/https://repression.info/ru
ovd:r:ru-ty,Тыва,Tuva,2025-11-12,1,https://web.archive.org/web/20251112231921/https://repression.info/ru
ovd:r:ru-ty,Тыва,Tuva,2025-12-01,1,https://web.archive.org/web/20251201093118/https://repression.info/ru
ovd:r:ru-ty,Тыва,Tuva,2026-01-07,1,https://web.archive.org/web/20260107083935/https://repression.info/ru
ovd:r:ru-ty,Тыва,Tuva,2026-02-03,1,https://web.archive.org/web/20260203181815/https://repression.info/ru
ovd:r:ru-ty,Тыва,Tuva,2026-03-01,1,https://web.archive.org/web/20260301185403/https://repression.info/ru
ovd:r:ru-ty,Тыва,Tuva,2026-10-07,1,https://repression.info/ru
ovd:r:ru-kk,Хакасия,Khakassia,2025-07-02,8,https://web.archive.org/web/20250702125146/https://repression.info/ru
ovd:r:ru-kk,Хакасия,Khakassia,2025-08-02,8,https://web.archive.org/web/20250802121551/https://repression.info/ru
ovd:r:ru-kk,Хакасия,Khakassia,2025-11-12,7,https://web.archive.org/web/20251112231921/https://repression.info/ru
ovd:r:ru-kk,Хакасия,Khakassia,2025-12-01,7,https://web.archive.org/web/20251201093118/https://repression.info/ru
ovd:r:ru-kk,Хакасия,Khakassia,2026-01-07,7,https://web.archive.org/web/20260107083935/https://repression.info/ru
ovd:r:ru-kk,Хакасия,Khakassia,2026-02-03,7,https://web.archive.org/web/20260203181815/https://repression.info/ru
ovd:r:ru-kk,Хакасия,Khakassia,2026-03-01,7,https://web.archive.org/web/20260301185403/https://repression.info/ru
ovd:r:ru-kk,Хакасия,Khakassia,2026-10-07,7,https://repression.info/ru
ovd:r:ru-ros,Ростовская область,Rostov Oblast,2025-07-02,19,https://web.archive.org/web/20250702125146/https://repression.info/ru
ovd:r:ru-ros,Ростовская область,Rostov Oblast,2025-08-02,19,https://web.archive.org/web/20250802121551/https://repression.info/ru
ovd:r:ru-ros,Ростовская область,Rostov Oblast,2025-11-12,20,https://web.archive.org/web/20251112231921/https://repression.info/ru
ovd:r:ru-ros,Ростовская область,Rostov Oblast,2025-12-01,20,https://web.archive.org/web/20251201093118/https://repression.info/ru
ovd:r:ru-ros,Ростовская область,Rostov Oblast,2026-01-07,20,https://web.archive.org/web/20260107083935/https://repression.info/ru
ovd:r:ru-ros,Ростовская область,Rostov Oblast,2026-02-03,20,https://web.archive.org/web/20260203181815/https://repression.info/ru
ovd:r:ru-ros,Ростовская область,Rostov Oblast,2026-03-01,21,https://web.archive.org/web/20260301185403/https://repression.info/ru
ovd:r:ru-ros,Ростовская область,Rostov Oblast,2026-10-07,23,https://repression.info/ru
ovd:r:ru-rya,Рязанская область,Ryazan Oblast,2025-07-02,9,https://web.archive.org/web/20250702125146/https://repression.info/ru
ovd:r:ru-rya,Рязанская область,Ryazan Oblast,2025-08-02,9,https://web.archive.org/web/20250802121551/https://repression.info/ru
ovd:r:ru-rya,Рязанская область,Ryazan Oblast,2025-11-12,9,https://web.archive.org/web/20251112231921/https://repression.info/ru
ovd:r:ru-rya,Рязанская область,Ryazan Oblast,2025-12-01,9,https://web.archive.org/web/20251201093118/https://repression.info/ru
ovd:r:ru-rya,Рязанская область,Ryazan Oblast,2026-01-07,9,https://web.archive.org/web/20260107083935/https://repression.info/ru
ovd:r:ru-rya,Рязанская область,Ryazan Oblast,2026-02-03,9,https://web.archive.org/web/20260203181815/https://repression.info/ru
ovd:r:ru-rya,Рязанская область,Ryazan Oblast,2026-03-01,9,https://web.archive.org/web/20260301185403/https://repression.info/ru
ovd:r:ru-rya,Рязанская область,Ryazan Oblast,2026-10-07,9,https://repression.info/ru
ovd:r:ru-sam,Самарская область,Samara Oblast,2025-07-02,19,https://web.archive.org/web/20250702125146/https://repression.info/ru
ovd:r:ru-sam,Самарская область,Samara Oblast,2025-08-02,19,https://web.archive.org/web/20250802121551/https://repression.info/ru
ovd:r:ru-sam,Самарская область,Samara Oblast,2025-11-12,20,https://web.archive.org/web/20251112231921/https://repression.info/ru
ovd:r:ru-sam,Самарская область,Samara Oblast,2025-12-01,20,https://web.archive.org/web/20251201093118/https://repression.info/ru
ovd:r:ru-sam,Самарская область,Samara Oblast,2026-01-07,20,https://web.archive.org/web/20260107083935/https://repression.info/ru
ovd:r:ru-sam,Самарская область,Samara Oblast,2026-02-03,20,https://web.archive.org/web/20260203181815/https://repression.info/ru
ovd:r:ru-sam,Самарская область,Samara Oblast,2026-03-01,20,https://web.archive.org/web/20260301185403/https://repression.info/ru
ovd:r:ru-sam,Самарская область,Samara Oblast,2026-10-07,21,https://repression.info/ru
ovd:r:ru-spe,Санкт-Петербург,Saint Petersburg,2025-07-02,90,https://web.archive.org/web/20250702125146/https://repression.info/ru
ovd:r:ru-spe,Санкт-Петербург,Saint Petersburg,2025-08-02,91,https://web.archive.org/web/20250802121551/https://repression.info/ru
ovd:r:ru-spe,Санкт-Петербург,Saint Petersburg,2025-11-12,98,https://web.archive.org/web/20251112231921/https://repression.info/ru
ovd:r:ru-spe,Санкт-Петербург,Saint Petersburg,2025-12-01,100,https://web.archive.org/web/20251201093118/https://repression.info/ru
ovd:r:ru-spe,Санкт-Петербург,Saint Petersburg,2026-01-07,103,https://web.archive.org/web/20260107083935/https://repression.info/ru
ovd:r:ru-spe,Санкт-Петербург,Saint Petersburg,2026-02-03,104,https://web.archive.org/web/20260203181815/https://repression.info/ru
ovd:r:ru-spe,Санкт-Петербург,Saint Petersburg,2026-03-01,104,https://web.archive.org/web/20260301185403/https://repression.info/ru
ovd:r:ru-spe,Санкт-Петербург,Saint Petersburg,2026-10-07,104,https://repression.info/ru
ovd:r:ru-sar,Саратовская область,Saratov Oblast,2025-07-02,11,https://web.archive.org/web/20250702125146/https://repression.info/ru
ovd:r:ru-sar,Саратовская область,Saratov Oblast,2025-08-02,11,https://web.archive.org/web/20250802121551/https://repression.info/ru
ovd:r:ru-sar,Саратовская область,Saratov Oblast,2025-11-12,12,https://web.archive.org/web/20251112231921/https://repression.info/ru
ovd:r:ru-sar,Саратовская область,Saratov Oblast,2025-12-01,12,https://web.archive.org/web/20251201093118/https://repression.info/ru
ovd:r:ru-sar,Саратовская область,Saratov Oblast,2026-01-07,12,https://web.archive.org/web/20260107083935/https://repression.info/ru
ovd:r:ru-sar,Саратовская область,Saratov Oblast,2026-02-03,12,https://web.archive.org/web/20260203181815/https://repression.info/ru
ovd:r:ru-sar,Саратовская область,Saratov Oblast,2026-03-01,12,https://web.archive.org/web/20260301185403/https://repression.info/ru
ovd:r:ru-sar,Саратовская область,Saratov Oblast,2026-10-07,12,https://repression.info/ru
ovd:r:ru-sak,Сахалинская область,Sakhalin Oblast,2025-07-02,8,https://web.archive.org/web/20250702125146/https://repression.info/ru
ovd:r:ru-sak,Сахалинская область,Sakhalin Oblast,2025-08-02,9,https://web.archive.org/web/20250802121551/https://repression.info/ru
ovd:r:ru-sak,Сахалинская область,Sakhalin Oblast,2025-11-12,13,https://web.archive.org/web/20251112231921/https://repression.info/ru
ovd:r:ru-sak,Сахалинская область,Sakhalin Oblast,2025-12-01,12,https://web.archive.org/web/20251201093118/https://repression.info/ru
ovd:r:ru-sak,Сахалинская область,Sakhalin Oblast,2026-01-07,13,https://web.archive.org/web/20260107083935/https://repression.info/ru
ovd:r:ru-sak,Сахалинская область,Sakhalin Oblast,2026-02-03,13,https://web.archive.org/web/20260203181815/https://repression.info/ru
ovd:r:ru-sak,Сахалинская область,Sakhalin Oblast,2026-03-01,13,https://web.archive.org/web/20260301185403/https://repression.info/ru
ovd:r:ru-sak,Сахалинская область,Sakhalin Oblast,2026-10-07,13,https://repression.info/ru
ovd:r:ru-sve,Свердловская область,Sverdlovsk Oblast,2025-07-02,38,https://web.archive.org/web/20250702125146/https://repression.info/ru
ovd:r:ru-sve,Свердловская область,Sverdlovsk Oblast,2025-08-02,38,https://web.archive.org/web/20250802121551/https://repression.info/ru
ovd:r:ru-sve,Свердловская область,Sverdlovsk Oblast,2025-11-12,40,https://web.archive.org/web/20251112231921/https://repression.info/ru
ovd:r:ru-sve,Свердловская область,Sverdlovsk Oblast,2025-12-01,41,https://web.archive.org/web/20251201093118/https://repression.info/ru
ovd:r:ru-sve,Свердловская область,Sverdlovsk Oblast,2026-01-07,41,https://web.archive.org/web/20260107083935/https://repression.info/ru
ovd:r:ru-sve,Свердловская область,Sverdlovsk Oblast,2026-02-03,43,https://web.archive.org/web/20260203181815/https://repression.info/ru
ovd:r:ru-sve,Свердловская область,Sverdlovsk Oblast,2026-03-01,43,https://web.archive.org/web/20260301185403/https://repression.info/ru
ovd:r:ru-sve,Свердловская область,Sverdlovsk Oblast,2026-10-07,46,https://repression.info/ru
ovd:r:ua-40,Севастополь (оккупирован),Sevastopol (occupied),2025-07-02,6,https://web.archive.org/web/20250702125146/https://repression.info/ru
ovd:r:ua-40,Севастополь (оккупирован),Sevastopol (occupied),2025-08-02,6,https://web.archive.org/web/20250802121551/https://repression.info/ru
ovd:r:ua-40,Севастополь (оккупирован),Sevastopol (occupied),2025-11-12,8,https://web.archive.org/web/20251112231921/https://repression.info/ru
ovd:r:ua-40,Севастополь (оккупирован),Sevastopol (occupied),2025-12-01,8,https://web.archive.org/web/20251201093118/https://repression.info/ru
ovd:r:ua-40,Севастополь (оккупирован),Sevastopol (occupied),2026-01-07,8,https://web.archive.org/web/20260107083935/https://repression.info/ru
ovd:r:ua-40,Севастополь (оккупирован),Sevastopol (occupied),2026-02-03,8,https://web.archive.org/web/20260203181815/https://repression.info/ru
ovd:r:ua-40,Севастополь (оккупирован),Sevastopol (occupied),2026-03-01,8,https://web.archive.org/web/20260301185403/https://repression.info/ru
ovd:r:ua-40,Севастополь (оккупирован),Sevastopol (occupied),2026-10-07,9,https://repression.info/ru
ovd:r:ru-smo,Смоленская область,Smolensk Oblast,2025-07-02,1,https://web.archive.org/web/20250702125146/https://repression.info/ru
ovd:r:ru-smo,Смоленская область,Smolensk Oblast,2025-08-02,1,https://web.archive.org/web/20250802121551/https://repression.info/ru
ovd:r:ru-smo,Смоленская область,Smolensk Oblast,2025-11-12,2,https://web.archive.org/web/20251112231921/https://repression.info/ru
ovd:r:ru-smo,Смоленская область,Smolensk Oblast,2025-12-01,2,https://web.archive.org/web/20251201093118/https://repression.info/ru
ovd:r:ru-smo,Смоленская область,Smolensk Oblast,2026-01-07,2,https://web.archive.org/web/20260107083935/https://repression.info/ru
ovd:r:ru-smo,Смоленская область,Smolensk Oblast,2026-02-03,2,https://web.archive.org/web/20260203181815/https://repression.info/ru
ovd:r:ru-smo,Смоленская область,Smolensk Oblast,2026-03-01,2,https://web.archive.org/web/20260301185403/https://repression.info/ru
ovd:r:ru-smo,Смоленская область,Smolensk Oblast,2026-10-07,3,https://repression.info/ru
ovd:r:ru-sta,Ставропольский край,Stavropol Krai,2025-07-02,14,https://web.archive.org/web/20250702125146/https://repression.info/ru
ovd:r:ru-sta,Ставропольский край,Stavropol Krai,2025-08-02,14,https://web.archive.org/web/20250802121551/https://repression.info/ru
ovd:r:ru-sta,Ставропольский край,Stavropol Krai,2025-11-12,14,https://web.archive.org/web/20251112231921/https://repression.info/ru
ovd:r:ru-sta,Ставропольский край,Stavropol Krai,2025-12-01,14,https://web.archive.org/web/20251201093118/https://repression.info/ru
ovd:r:ru-sta,Ставропольский край,Stavropol Krai,2026-01-07,14,https://web.archive.org/web/20260107083935/https://repression.info/ru
ovd:r:ru-sta,Ставропольский край,Stavropol Krai,2026-02-03,14,https://web.archive.org/web/20260203181815/https://repression.info/ru
ovd:r:ru-sta,Ставропольский край,Stavropol Krai,2026-03-01,14,https://web.archive.org/web/20260301185403/https://repression.info/ru
ovd:r:ru-sta,Ставропольский край,Stavropol Krai,2026-10-07,15,https://repression.info/ru
ovd:r:ru-tam,Тамбовская область,Tambov Oblast,2025-07-02,6,https://web.archive.org/web/20250702125146/https://repression.info/ru
ovd:r:ru-tam,Тамбовская область,Tambov Oblast,2025-08-02,6,https://web.archive.org/web/20250802121551/https://repression.info/ru
ovd:r:ru-tam,Тамбовская область,Tambov Oblast,2025-11-12,7,https://web.archive.org/web/20251112231921/https://repression.info/ru
ovd:r:ru-tam,Тамбовская область,Tambov Oblast,2025-12-01,7,https://web.archive.org/web/20251201093118/https://repression.info/ru
ovd:r:ru-tam,Тамбовская область,Tambov Oblast,2026-01-07,7,https://web.archive.org/web/20260107083935/https://repression.info/ru
ovd:r:ru-tam,Тамбовская область,Tambov Oblast,2026-02-03,7,https://web.archive.org/web/20260203181815/https://repression.info/ru
ovd:r:ru-tam,Тамбовская область,Tambov Oblast,2026-03-01,7,https://web.archive.org/web/20260301185403/https://repression.info/ru
ovd:r:ru-tam,Тамбовская область,Tambov Oblast,2026-10-07,7,https://repression.info/ru
ovd:r:ru-tve,Тверская область,Tver Oblast,2025-07-02,13,https://web.archive.org/web/20250702125146/https://repression.info/ru
ovd:r:ru-tve,Тверская область,Tver Oblast,2025-08-02,13,https://web.archive.org/web/20250802121551/https://repression.info/ru
ovd:r:ru-tve,Тверская область,Tver Oblast,2025-11-12,13,https://web.archive.org/web/20251112231921/https://repression.info/ru
ovd:r:ru-tve,Тверская область,Tver Oblast,2025-12-01,13,https://web.archive.org/web/20251201093118/https://repression.info/ru
ovd:r:ru-tve,Тверская область,Tver Oblast,2026-01-07,13,https://web.archive.org/web/20260107083935/https://repression.info/ru
ovd:r:ru-tve,Тверская область,Tver Oblast,2026-02-03,13,https://web.archive.org/web/20260203181815/https://repression.info/ru
ovd:r:ru-tve,Тверская область,Tver Oblast,2026-03-01,13,https://web.archive.org/web/20260301185403/https://repression.info/ru
ovd:r:ru-tve,Тверская область,Tver Oblast,2026-10-07,12,https://repression.info/ru
ovd:r:ru-tom,Томская область,Tomsk Oblast,2025-07-02,16,https://web.archive.org/web/20250702125146/https://repression.info/ru
ovd:r:ru-tom,Томская область,Tomsk Oblast,2025-08-02,16,https://web.archive.org/web/20250802121551/https://repression.info/ru
ovd:r:ru-tom,Томская область,Tomsk Oblast,2025-11-12,16,https://web.archive.org/web/20251112231921/https://repression.info/ru
ovd:r:ru-tom,Томская область,Tomsk Oblast,2025-12-01,16,https://web.archive.org/web/20251201093118/https://repression.info/ru
ovd:r:ru-tom,Томская область,Tomsk Oblast,2026-01-07,16,https://web.archive.org/web/20260107083935/https://repression.info/ru
ovd:r:ru-tom,Томская область,Tomsk Oblast,2026-02-03,16,https://web.archive.org/web/20260203181815/https://repression.info/ru
ovd:r:ru-tom,Томская область,Tomsk Oblast,2026-03-01,16,https://web.archive.org/web/20260301185403/https://repression.info/ru
ovd:r:ru-tom,Томская область,Tomsk Oblast,2026-10-07,16,https://repression.info/ru
ovd:r:ru-tul,Тульская область,Tula Oblast,2025-07-02,13,https://web.archive.org/web/20250702125146/https://repression.info/ru
ovd:r:ru-tul,Тульская область,Tula Oblast,2025-08-02,13,https://web.archive.org/web/20250802121551/https://repression.info/ru
ovd:r:ru-tul,Тульская область,Tula Oblast,2025-11-12,14,https://web.archive.org/web/20251112231921/https://repression.info/ru
ovd:r:ru-tul,Тульская область,Tula Oblast,2025-12-01,14,https://web.archive.org/web/20251201093118/https://repression.info/ru
ovd:r:ru-tul,Тульская область,Tula Oblast,2026-01-07,14,https://web.archive.org/web/20260107083935/https://repression.info/ru
ovd:r:ru-tul,Тульская область,Tula Oblast,2026-02-03,14,https://web.archive.org/web/20260203181815/https://repression.info/ru
ovd:r:ru-tul,Тульская область,Tula Oblast,2026-03-01,14,https://web.archive.org/web/20260301185403/https://repression.info/ru
ovd:r:ru-tul,Тульская область,Tula Oblast,2026-10-07,14,https://repression.info/ru
ovd:r:ru-tyu,Тюменская область,Tyumen Oblast,2025-07-02,12,https://web.archive.org/web/20250702125146/https://repression.info/ru
ovd:r:ru-tyu,Тюменская область,Tyumen Oblast,2025-08-02,13,https://web.archive.org/web/20250802121551/https://repression.info/ru
ovd:r:ru-tyu,Тюменская область,Tyumen Oblast,2025-11-12,14,https://web.archive.org/web/20251112231921/https://repression.info/ru
ovd:r:ru-tyu,Тюменская область,Tyumen Oblast,2025-12-01,14,https://web.archive.org/web/20251201093118/https://repression.info/ru
ovd:r:ru-tyu,Тюменская область,Tyumen Oblast,2026-01-07,14,https://web.archive.org/web/20260107083935/https://repression.info/ru
ovd:r:ru-tyu,Тюменская область,Tyumen Oblast,2026-02-03,15,https://web.archive.org/web/20260203181815/https://repression.info/ru
ovd:r:ru-tyu,Тюменская область,Tyumen Oblast,2026-03-01,16,https://web.archive.org/web/20260301185403/https://repression.info/ru
ovd:r:ru-tyu,Тюменская область,Tyumen Oblast,2026-10-07,13,https://repression.info/ru
ovd:r:ru-ud,Удмуртия,Udmurtia,2025-07-02,12,https://web.archive.org/web/20250702125146/https://repression.info/ru
ovd:r:ru-ud,Удмуртия,Udmurtia,2025-08-02,12,https://web.archive.org/web/20250802121551/https://repression.info/ru
ovd:r:ru-ud,Удмуртия,Udmurtia,2025-11-12,12,https://web.archive.org/web/20251112231921/https://repression.info/ru
ovd:r:ru-ud,Удмуртия,Udmurtia,2025-12-01,12,https://web.archive.org/web/20251201093118/https://repression.info/ru
ovd:r:ru-ud,Удмуртия,Udmurtia,2026-01-07,12,https://web.archive.org/web/20260107083935/https://repression.info/ru
ovd:r:ru-ud,Удмуртия,Udmurtia,2026-02-03,12,https://web.archive.org/web/20260203181815/https://repression.info/ru
ovd:r:ru-ud,Удмуртия,Udmurtia,2026-03-01,12,https://web.archive.org/web/20260301185403/https://repression.info/ru
ovd:r:ru-ud,Удмуртия,Udmurtia,2026-10-07,12,https://repression.info/ru
ovd:r:ru-uly,Ульяновская область,Ulyanovsk Oblast,2025-07-02,1,https://web.archive.org/web/20250702125146/https://repression.info/ru
ovd:r:ru-uly,Ульяновская область,Ulyanovsk Oblast,2025-08-02,1,https://web.archive.org/web/20250802121551/https://repression.info/ru
ovd:r:ru-uly,Ульяновская область,Ulyanovsk Oblast,2025-11-12,2,https://web.archive.org/web/20251112231921/https://repression.info/ru
ovd:r:ru-uly,Ульяновская область,Ulyanovsk Oblast,2025-12-01,2,https://web.archive.org/web/20251201093118/https://repression.info/ru
ovd:r:ru-uly,Ульяновская область,Ulyanovsk Oblast,2026-01-07,2,https://web.archive.org/web/20260107083935/https://repression.info/ru
ovd:r:ru-uly,Ульяновская область,Ulyanovsk Oblast,2026-02-03,2,https://web.archive.org/web/20260203181815/https://repression.info/ru
ovd:r:ru-uly,Ульяновская область,Ulyanovsk Oblast,2026-03-01,2,https://web.archive.org/web/20260301185403/https://repression.info/ru
ovd:r:ru-uly,Ульяновская область,Ulyanovsk Oblast,2026-10-07,3,https://repression.info/ru
ovd:r:ru-kha,Хабаровский край,Khabarovsk Krai,2025-07-02,19,https://web.archive.org/web/20250702125146/https://repression.info/ru
ovd:r:ru-kha,Хабаровский край,Khabarovsk Krai,2025-08-02,19,https://web.archive.org/web/20250802121551/https://repression.info/ru
ovd:r:ru-kha,Хабаровский край,Khabarovsk Krai,2025-11-12,20,https://web.archive.org/web/20251112231921/https://repression.info/ru
ovd:r:ru-kha,Хабаровский край,Khabarovsk Krai,2025-12-01,21,https://web.archive.org/web/20251201093118/https://repression.info/ru
ovd:r:ru-kha,Хабаровский край,Khabarovsk Krai,2026-01-07,21,https://web.archive.org/web/20260107083935/https://repression.info/ru
ovd:r:ru-kha,Хабаровский край,Khabarovsk Krai,2026-02-03,21,https://web.archive.org/web/20260203181815/https://repression.info/ru
ovd:r:ru-kha,Хабаровский край,Khabarovsk Krai,2026-03-01,21,https://web.archive.org/web/20260301185403/https://repression.info/ru
ovd:r:ru-kha,Хабаровский край,Khabarovsk Krai,2026-10-07,22,https://repression.info/ru
ovd:r:ru-khm,Ханты-Мансийский АО — Югра,Khanty-Mansi Autonomous Okrug,2025-07-02,6,https://web.archive.org/web/20250702125146/https://repression.info/ru
ovd:r:ru-khm,Ханты-Мансийский АО — Югра,Khanty-Mansi Autonomous Okrug,2025-08-02,7,https://web.archive.org/web/20250802121551/https://repression.info/ru
ovd:r:ru-khm,Ханты-Мансийский АО — Югра,Khanty-Mansi Autonomous Okrug,2025-11-12,7,https://web.archive.org/web/20251112231921/https://repression.info/ru
ovd:r:ru-khm,Ханты-Мансийский АО — Югра,Khanty-Mansi Autonomous Okrug,2025-12-01,7,https://web.archive.org/web/20251201093118/https://repression.info/ru
ovd:r:ru-khm,Ханты-Мансийский АО — Югра,Khanty-Mansi Autonomous Okrug,2026-01-07,7,https://web.archive.org/web/20260107083935/https://repression.info/ru
ovd:r:ru-khm,Ханты-Мансийский АО — Югра,Khanty-Mansi Autonomous Okrug,2026-02-03,8,https://web.archive.org/web/20260203181815/https://repression.info/ru
ovd:r:ru-khm,Ханты-Мансийский АО — Югра,Khanty-Mansi Autonomous Okrug,2026-03-01,8,https://web.archive.org/web/20260301185403/https://repression.info/ru
ovd:r:ru-khm,Ханты-Мансийский АО — Югра,Khanty-Mansi Autonomous Okrug,2026-10-07,8,https://repression.info/ru
ovd:r:ru-che,Челябинская область,Chelyabinsk Oblast,2025-07-02,16,https://web.archive.org/web/20250702125146/https://repression.info/ru
ovd:r:ru-che,Челябинская область,Chelyabinsk Oblast,2025-08-02,16,https://web.archive.org/web/20250802121551/https://repression.info/ru
ovd:r:ru-che,Челябинская область,Chelyabinsk Oblast,2025-11-12,17,https://web.archive.org/web/20251112231921/https://repression.info/ru
ovd:r:ru-che,Челябинская область,Chelyabinsk Oblast,2025-12-01,17,https://web.archive.org/web/20251201093118/https://repression.info/ru
ovd:r:ru-che,Челябинская область,Chelyabinsk Oblast,2026-01-07,17,https://web.archive.org/web/20260107083935/https://repression.info/ru
ovd:r:ru-che,Челябинская область,Chelyabinsk Oblast,2026-02-03,17,https://web.archive.org/web/20260203181815/https://repression.info/ru
ovd:r:ru-che,Челябинская область,Chelyabinsk Oblast,2026-03-01,17,https://web.archive.org/web/20260301185403/https://repression.info/ru
ovd:r:ru-che,Челябинская область,Chelyabinsk Oblast,2026-10-07,18,https://repression.info/ru
ovd:r:ru-ce,Чечня,Chechnya,2026-10-07,1,https://repression.info/ru
ovd:r:ru-cu,Чувашия,Chuvashia,2025-07-02,7,https://web.archive.org/web/20250702125146/https://repression.info/ru
ovd:r:ru-cu,Чувашия,Chuvashia,2025-08-02,7,https://web.archive.org/web/20250802121551/https://repression.info/ru
ovd:r:ru-cu,Чувашия,Chuvashia,2025-11-12,5,https://web.archive.org/web/20251112231921/https://repression.info/ru
ovd:r:ru-cu,Чувашия,Chuvashia,2025-12-01,5,https://web.archive.org/web/20251201093118/https://repression.info/ru
ovd:r:ru-cu,Чувашия,Chuvashia,2026-01-07,5,https://web.archive.org/web/20260107083935/https://repression.info/ru
ovd:r:ru-cu,Чувашия,Chuvashia,2026-02-03,5,https://web.archive.org/web/20260203181815/https://repression.info/ru
ovd:r:ru-cu,Чувашия,Chuvashia,2026-03-01,5,https://web.archive.org/web/20260301185403/https://repression.info/ru
ovd:r:ru-cu,Чувашия,Chuvashia,2026-10-07,6,https://repression.info/ru
ovd:r:ru-chu,Чукотка,Chukotka,2025-07-02,4,https://web.archive.org/web/20250702125146/https://repression.info/ru
ovd:r:ru-chu,Чукотка,Chukotka,2025-08-02,4,https://web.archive.org/web/20250802121551/https://repression.info/ru
ovd:r:ru-chu,Чукотка,Chukotka,2025-11-12,4,https://web.archive.org/web/20251112231921/https://repression.info/ru
ovd:r:ru-chu,Чукотка,Chukotka,2025-12-01,4,https://web.archive.org/web/20251201093118/https://repression.info/ru
ovd:r:ru-chu,Чукотка,Chukotka,2026-01-07,4,https://web.archive.org/web/20260107083935/https://repression.info/ru
ovd:r:ru-chu,Чукотка,Chukotka,2026-02-03,4,https://web.archive.org/web/20260203181815/https://repression.info/ru
ovd:r:ru-chu,Чукотка,Chukotka,2026-03-01,4,https://web.archive.org/web/20260301185403/https://repression.info/ru
ovd:r:ru-chu,Чукотка,Chukotka,2026-10-07,4,https://repression.info/ru
ovd:r:ru-yan,Ямало-Ненецкий АО,Yamalo-Nenets Autonomous Okrug,2025-07-02,2,https://web.archive.org/web/20250702125146/https://repression.info/ru
ovd:r:ru-yan,Ямало-Ненецкий АО,Yamalo-Nenets Autonomous Okrug,2025-08-02,2,https://web.archive.org/web/20250802121551/https://repression.info/ru
ovd:r:ru-yan,Ямало-Ненецкий АО,Yamalo-Nenets Autonomous Okrug,2025-11-12,2,https://web.archive.org/web/20251112231921/https://repression.info/ru
ovd:r:ru-yan,Ямало-Ненецкий АО,Yamalo-Nenets Autonomous Okrug,2025-12-01,2,https://web.archive.org/web/20251201093118/https://repression.info/ru
ovd:r:ru-yan,Ямало-Ненецкий АО,Yamalo-Nenets Autonomous Okrug,2026-01-07,2,https://web.archive.org/web/20260107083935/https://repression.info/ru
ovd:r:ru-yan,Ямало-Ненецкий АО,Yamalo-Nenets Autonomous Okrug,2026-02-03,2,https://web.archive.org/web/20260203181815/https://repression.info/ru
ovd:r:ru-yan,Ямало-Ненецкий АО,Yamalo-Nenets Autonomous Okrug,2026-03-01,2,https://web.archive.org/web/20260301185403/https://repression.info/ru
ovd:r:ru-yan,Ямало-Ненецкий АО,Yamalo-Nenets Autonomous Okrug,2026-10-07,2,https://repression.info/ru
ovd:r:ru-yar,Ярославская область,Yaroslavl Oblast,2025-07-02,11,https://web.archive.org/web/20250702125146/https://repression.info/ru
ovd:r:ru-yar,Ярославская область,Yaroslavl Oblast,2025-08-02,11,https://web.archive.org/web/20250802121551/https://repression.info/ru
ovd:r:ru-yar,Ярославская область,Yaroslavl Oblast,2025-11-12,10,https://web.archive.org/web/20251112231921/https://repression.info/ru
ovd:r:ru-yar,Ярославская область,Yaroslavl Oblast,2025-12-01,10,https://web.archive.org/web/20251201093118/https://repression.info/ru
ovd:r:ru-yar,Ярославская область,Yaroslavl Oblast,2026-01-07,10,https://web.archive.org/web/20260107083935/https://repression.info/ru
ovd:r:ru-yar,Ярославская область,Yaroslavl Oblast,2026-02-03,10,https://web.archive.org/web/20260203181815/https://repression.info/ru
ovd:r:ru-yar,Ярославская область,Yaroslavl Oblast,2026-03-01,10,https://web.archive.org/web/20260301185403/https://repression.info/ru
ovd:r:ru-yar,Ярославская область,Yaroslavl Oblast,2026-10-07,10,https://repression.info/ru
ovd:r:kz-bay,Байконур,Baikonur,2025-07-02,1,https://web.archive.org/web/20250702125146/https://repression.info/ru
ovd:r:kz-bay,Байконур,Baikonur,2025-08-02,1,https://web.archive.org/web/20250802121551/https://repression.info/ru
ovd:r:kz-bay,Байконур,Baikonur,2025-11-12,1,https://web.archive.org/web/20251112231921/https://repression.info/ru
ovd:r:kz-bay,Байконур,Baikonur,2025-12-01,1,https://web.archive.org/web/20251201093118/https://repression.info/ru
ovd:r:kz-bay,Байконур,Baikonur,2026-01-07,1,https://web.archive.org/web/20260107083935/https://repression.info/ru
ovd:r:kz-bay,Байконур,Baikonur,2026-02-03,1,https://web.archive.org/web/20260203181815/https://repression.info/ru
ovd:r:kz-bay,Байконур,Baikonur,2026-03-01,1,https://web.archive.org/web/20260301185403/https://repression.info/ru
ovd:r:kz-bay,Байконур,Baikonur,2026-10-07,1,https://repression.info/ru
ovd:r:ua-65,UA-65,UA-65,2025-11-12,1,https://web.archive.org/web/20251112231921/https://repression.info/ru
ovd:r:ua-65,UA-65,UA-65,2025-12-01,1,https://web.archive.org/web/20251201093118/https://repression.info/ru
ovd:r:ua-65,UA-65,UA-65,2026-01-07,1,https://web.archive.org/web/20260107083935/https://repression.info/ru
ovd:r:ua-65,UA-65,UA-65,2026-02-03,1,https://web.archive.org/web/20260203181815/https://repression.info/ru
reg:inoagents,"«Иноагенты» в реестре Минюста, по базе «Инотеки»","“Foreign agents” on the Ministry of Justice register, per the Inoteka database",2026-10-07,1275,https://inoteka.io/
reg:undesirable,"«Нежелательные» организации, по базе «Инотеки»","“Undesirable” organisations, per the Inoteka database",2026-10-07,393,https://inoteka.io/
